sale_price,gr_liv_area,lot_area,year_built,overall_qual,garage_cars,garage_qual,ms_zoning,lot_config,bldg_type
105000,896,11622,1961,5,1,ta,rh,inside,1fam
126000,882,8400,1970,4,2,ta,rl,corner,1fam
115000,864,10500,1971,4,0,no_garage,rl,fr2,1fam
120000,836,2280,1975,7,1,ta,rl,fr2,twnhs
99500,918,7892,1979,6,1,ta,rl,inside,twnhse
112000,1902,8930,1978,6,2,ta,rm,inside,duplex
122000,900,9819,1967,5,1,ta,rl,inside,1fam
128950,1225,9320,1959,4,0,no_garage,rl,inside,1fam
84900,1728,13260,1962,5,0,no_garage,rl,inside,duplex
116500,858,7207,1958,5,0,no_garage,rl,inside,1fam
76500,1306,5350,1940,3,0,no_garage,rl,inside,1fam
122500,972,10895,1955,5,1,ta,rl,corner,1fam
105000,985,7898,1920,4,2,ta,rl,corner,1fam
115000,1028,8960,1927,5,2,ta,rm,inside,1fam
107400,1605,5790,1915,3,1,ta,rm,corner,1fam
100000,1245,8239,1920,5,1,ta,rm,inside,1fam
12789,832,9656,1923,2,2,fa,rm,inside,1fam
105900,720,8520,1928,6,2,ta,rm,inside,1fam
128500,1612,5830,1950,5,1,ta,rm,corner,1fam
128000,1196,6000,1940,6,2,ta,rm,inside,1fam
123900,1040,6240,1936,5,2,ta,rm,inside,1fam
110000,816,8472,1963,5,2,ta,rm,corner,duplex
55000,1092,5600,1930,4,0,no_garage,rm,inside,2fmcon
107500,1224,10632,1917,5,1,fa,rl,inside,1fam
95000,919,6001,1940,6,1,ta,rl,inside,1fam
93369,1884,6449,1907,4,0,no_garage,c_all,inside,1fam
85000,756,9259,1927,4,2,ta,rl,corner,1fam
128000,1067,9600,1950,4,2,ta,rl,inside,1fam
129000,1144,9571,1956,5,1,ta,rl,inside,1fam
127000,1531,9350,1947,4,1,fa,rl,inside,1fam
114000,1298,11200,1964,5,2,ta,rl,culdsac,1fam
127000,876,7480,1972,5,2,ta,rl,inside,1fam
84900,640,8777,1945,3,1,ta,rl,inside,1fam
100000,1664,9825,1965,5,0,no_garage,rl,inside,duplex
125200,1096,6305,1975,6,1,ta,rl,inside,1fam
107000,1117,7819,1976,6,2,ta,rl,inside,1fam
80000,924,12180,1941,4,1,ta,rl,inside,2fmcon
58500,864,8212,1914,3,1,ta,rl,inside,1fam
126000,856,7890,1939,6,2,ta,rl,corner,1fam
100000,1666,9839,1931,5,0,no_garage,rl,inside,1fam
55993,1044,8712,1952,5,2,ta,c_all,inside,1fam
83500,1092,1974,1973,4,1,ta,rm,inside,twnhse
85000,1112,2592,1976,5,1,ta,rm,inside,twnhse
76000,1092,1476,1970,4,0,no_garage,rm,inside,twnhs
75500,630,1491,1972,4,0,no_garage,rm,inside,twnhse
85500,1092,1890,1972,4,1,ta,rm,inside,twnhse
128000,1180,7830,1970,5,2,ta,rl,inside,1fam
120500,864,6960,1970,4,2,ta,rl,inside,1fam
124500,864,8120,1970,4,2,ta,rl,inside,1fam
97000,864,10500,1971,4,2,ta,rl,fr2,1fam
111000,987,1680,1973,6,1,ta,rm,inside,twnhs
112000,1302,1680,1971,5,1,ta,rm,inside,twnhs
97000,987,1680,1972,6,1,ta,rm,inside,twnhs
122000,864,9079,1961,5,1,ta,rl,inside,1fam
124100,1020,9316,1965,5,1,ta,rl,inside,1fam
62383,864,8281,1965,5,1,ta,rl,inside,1fam
113000,1216,9000,1969,6,1,ta,rl,inside,1fam
118000,864,8125,1959,5,1,ta,rl,inside,1fam
124500,1041,9600,1959,5,1,ta,rl,corner,1fam
128900,1050,9600,1956,5,1,ta,rl,inside,1fam
124000,1584,8944,1967,5,3,ta,rl,inside,duplex
104900,1738,12513,1920,4,1,ta,rl,fr2,1fam
123000,1319,10634,1953,5,1,ta,rl,inside,1fam
115000,1005,10434,1955,4,2,fa,rl,inside,1fam
102900,1210,9533,1953,5,1,ta,rl,inside,1fam
95000,1699,10615,1900,3,2,fa,rl,corner,2fmcon
99900,792,5470,1958,3,1,fa,rl,inside,1fam
109500,792,9022,1924,5,1,fa,rl,inside,1fam
105000,1374,5400,1920,4,1,ta,rl,corner,1fam
92900,1040,8544,1950,3,2,ta,rl,corner,duplex
128500,1133,8064,1950,6,2,ta,rl,inside,1fam
128000,1041,7350,1958,5,1,ta,rl,inside,1fam
109500,894,6600,1962,5,1,ta,rl,inside,1fam
124500,1960,7596,1952,5,2,ta,rm,inside,duplex
103000,1447,10134,1910,5,0,no_garage,rm,inside,1fam
129500,1328,6000,1950,5,1,ta,rm,inside,1fam
93000,1387,6000,1954,5,1,ta,rm,inside,2fmcon
80000,861,7404,1920,4,2,ta,rm,corner,1fam
37900,968,5925,1910,3,0,no_garage,rm,inside,1fam
99500,792,8520,1923,5,1,ta,rm,inside,1fam
113000,1452,4456,1920,4,0,no_garage,rm,inside,2fmcon
119000,1288,3600,1917,6,1,ta,rm,inside,1fam
58500,816,3300,1910,4,0,no_garage,c_all,inside,1fam
124900,1869,8820,1890,5,2,ta,rm,corner,1fam
34900,720,7879,1920,4,0,no_garage,c_all,inside,1fam
121000,952,8854,1916,6,1,fa,rl,inside,1fam
128000,1324,6000,1936,4,1,ta,rm,inside,1fam
117000,1348,6000,1925,5,1,ta,rm,corner,1fam
119000,904,6000,1926,6,1,ta,rm,inside,1fam
100000,1301,6911,1924,5,2,ta,rm,fr2,1fam
105000,875,6120,1931,5,1,fa,rm,corner,1fam
115000,995,6120,1925,5,1,ta,rm,inside,1fam
62500,2128,3000,1922,5,0,no_garage,rm,inside,duplex
103000,1208,6240,1925,4,2,ta,rm,inside,1fam
97500,1864,5852,1902,7,0,no_garage,rm,corner,2fmcon
70000,892,5160,1923,4,0,no_garage,rm,inside,1fam
63000,1112,9780,1934,5,1,po,rl,inside,1fam
113500,1052,11625,1967,5,1,ta,rl,inside,1fam
82500,861,12342,1940,4,2,ta,rl,inside,1fam
122000,1383,15635,1954,4,2,fa,rl,culdsac,1fam
127500,1689,9855,1956,6,2,ta,rl,corner,1fam
84000,845,11500,1957,4,1,ta,rl,culdsac,1fam
105000,1258,9060,1939,6,1,ta,rl,inside,1fam
118964,1535,7018,1979,5,2,ta,rl,inside,duplex
118858,1535,7018,1979,5,2,ta,rl,inside,duplex
113722,1513,7007,1979,5,2,ta,rl,inside,duplex
85000,876,6410,1959,4,1,ta,rl,inside,1fam
120000,1368,11767,1950,5,1,ta,rl,inside,1fam
99900,864,4060,1922,5,0,no_garage,rl,corner,1fam
82000,944,10206,1952,3,2,ta,rl,corner,1fam
119900,1678,10926,1959,5,0,no_garage,rl,inside,duplex
122000,1298,8212,1941,5,1,ta,rl,inside,1fam
117000,1604,10998,1941,5,2,ta,rl,inside,1fam
60000,438,8400,1920,2,1,ta,rl,inside,1fam
115000,1032,1733,1980,6,2,ta,rm,inside,twnhs
121000,1229,1612,1980,6,2,ta,rm,inside,twnhs
123000,2168,8660,1900,5,2,ta,rm,inside,1fam
78000,1192,6402,1920,5,1,fa,rm,corner,1fam
126000,1734,10125,1977,5,2,ta,rl,inside,duplex
80000,630,1477,1970,4,1,ta,rm,inside,twnhse
88000,1092,2217,1970,4,1,ta,rm,inside,twnhse
112000,833,8780,1985,5,0,no_garage,rl,corner,1fam
115000,1474,31220,1952,6,2,ta,rl,fr2,1fam
123000,864,7560,1971,5,2,ta,rl,inside,1fam
103400,987,1680,1973,6,1,ta,rm,inside,twnhs
106000,987,1869,1970,6,1,ta,rm,inside,twnhs
89500,987,1680,1971,6,1,ta,rm,inside,twnhse
111750,1302,1680,1972,5,1,ta,rm,inside,twnhs
110000,892,9477,1966,5,1,ta,rl,corner,1fam
128000,984,9100,1963,5,1,ta,rl,inside,1fam
119916,864,6360,1963,5,1,ta,rl,inside,1fam
109008,907,8593,1957,4,1,ta,rl,inside,1fam
118000,1077,7420,1939,5,1,gd,rl,corner,2fmcon
87000,906,4882,1937,4,1,fa,rl,inside,1fam
119000,1252,9600,1950,6,1,ta,rl,inside,1fam
112900,1036,7584,1953,5,1,ta,rl,inside,1fam
124000,1144,9204,1963,5,1,ta,rl,inside,1fam
116000,882,11556,1952,5,1,ta,rl,inside,1fam
89900,869,10122,1948,4,1,fa,rl,inside,1fam
114000,1159,7506,1925,5,1,fa,rl,corner,1fam
106250,1294,10800,1900,4,0,no_garage,rl,inside,2fmcon
94000,876,7200,1951,5,2,ta,rl,inside,1fam
98300,1048,7200,1950,5,2,ta,rl,inside,1fam
125900,1027,8000,1962,5,1,ta,rl,inside,1fam
112500,984,6390,1954,6,1,ta,rl,corner,1fam
105500,832,7227,1954,6,2,ta,rl,corner,1fam
73000,764,5232,1925,5,2,ta,rm,inside,1fam
122600,1323,9184,1948,5,2,ta,rm,inside,1fam
64000,672,4800,1940,5,1,ta,rm,corner,1fam
119164,1656,7628,1940,4,2,ta,rm,inside,1fam
95000,1080,5914,1890,5,0,no_garage,rm,inside,1fam
115000,789,6000,1948,5,1,ta,rm,inside,1fam
112500,928,6000,1957,5,1,ta,rm,inside,1fam
107900,901,6000,1954,4,1,fa,rm,corner,1fam
65000,1588,12205,1949,3,0,no_garage,rm,inside,1fam
98000,1344,4571,1916,5,3,fa,rm,inside,1fam
114000,1017,9143,1900,5,1,ta,rm,corner,1fam
129500,2058,9600,1917,6,2,fa,rm,inside,1fam
129400,1540,6000,1905,5,0,no_garage,rm,corner,1fam
116900,1111,5700,1926,7,1,ta,rm,inside,1fam
55000,1086,11340,1920,2,2,fa,rm,inside,1fam
115500,1093,8516,1958,4,1,ta,rm,inside,1fam
108000,1668,7425,1945,7,1,ta,rm,corner,1fam
124000,1210,5000,1941,5,1,ta,rm,inside,1fam
106900,1290,5870,1900,6,1,fa,rm,corner,1fam
120000,1158,6000,1929,6,1,ta,rm,corner,1fam
115000,1216,5520,1920,5,1,fa,rm,fr2,1fam
79000,896,5940,1946,4,1,ta,rm,fr3,1fam
68500,520,6324,1927,4,1,fa,rm,inside,1fam
120000,1308,10320,1915,5,2,fa,rm,inside,1fam
127500,1040,7200,1925,6,2,ta,rm,corner,1fam
89500,1406,7920,1920,6,0,no_garage,rm,inside,1fam
85000,759,10320,1912,5,2,ta,rm,inside,1fam
82375,1344,10320,1915,3,0,no_garage,rm,inside,2fmcon
124000,1054,9488,1947,5,1,ta,rl,inside,1fam
129500,1040,11200,1965,5,1,ta,rl,inside,1fam
95541,1140,12900,1920,5,2,ta,rl,inside,2fmcon
80000,1006,9000,1959,5,0,no_garage,rl,inside,1fam
125600,1079,5190,1948,7,1,ta,rl,inside,1fam
99600,864,9350,1975,5,0,no_garage,rl,inside,duplex
107500,1347,7000,1910,5,0,no_garage,rl,inside,2fmcon
79000,1096,9600,1924,6,0,no_garage,rl,corner,1fam
110000,924,7990,1975,5,1,ta,rl,inside,1fam
127000,864,7180,1972,5,1,ta,rl,inside,1fam
85000,796,8777,1910,5,0,no_garage,rl,inside,1fam
118000,1440,12108,1955,4,0,no_garage,rl,inside,duplex
120000,1053,12180,1938,5,0,no_garage,rl,inside,1fam
96000,1137,8050,1947,5,0,no_garage,rl,inside,1fam
100000,1204,7692,1954,4,1,ta,rl,inside,1fam
98000,864,5604,1925,5,0,no_garage,rl,inside,1fam
67000,864,8248,1914,3,0,no_garage,rl,inside,1fam
115000,1639,10480,1936,6,1,ta,rl,inside,1fam
110000,1374,9260,1938,5,1,ta,rl,inside,1fam
104000,1091,7801,1951,6,1,ta,rl,corner,1fam
116500,1032,1879,1980,6,2,ta,rm,culdsac,twnhs
120000,1090,6000,1940,6,1,ta,rm,inside,1fam
119000,1200,8155,1930,5,0,no_garage,rm,inside,1fam
126000,1656,6000,1967,5,1,ta,rm,inside,1fam
13100,733,14584,1952,1,2,fa,a_agr,inside,1fam
40000,1317,8500,1920,4,1,ta,c_all,inside,1fam
65000,864,9000,1920,4,1,fa,c_all,inside,1fam
100000,1872,10260,1976,5,2,ta,rl,inside,duplex
124000,1040,4224,1975,5,2,ta,rm,inside,twnhse
81000,630,1890,1972,4,0,no_garage,rm,inside,twnhs
119500,923,6951,1984,5,1,ta,rl,culdsac,1fam
103000,1836,56600,1900,5,1,ta,i_all,inside,1fam
119500,950,9758,1971,5,1,ta,rl,inside,1fam
110000,858,7340,1971,4,1,ta,rl,inside,1fam
128000,914,17199,1961,4,1,fa,rl,fr2,1fam
122500,1365,1920,1971,5,2,ta,rm,inside,twnhse
129250,988,7150,1966,5,1,ta,rl,inside,1fam
120750,894,6285,1977,5,1,ta,rl,inside,1fam
129000,1120,6970,1961,4,2,ta,rl,corner,1fam
128500,988,9945,1961,5,2,ta,rl,inside,1fam
129000,1037,10751,1974,5,2,ta,rl,culdsac,1fam
127000,1052,10800,1963,6,1,ta,rl,inside,1fam
127000,1107,8050,1967,5,1,ta,rl,inside,1fam
126500,1065,8892,1960,5,2,ta,rl,inside,1fam
120000,912,7535,1958,5,1,ta,rl,inside,1fam
106500,882,8339,1959,5,1,ta,rl,inside,1fam
117600,894,8680,1960,5,1,ta,rl,inside,1fam
101800,1224,9842,1962,4,2,ta,rl,fr2,duplex
64000,670,3500,1945,3,0,no_garage,rl,inside,1fam
105000,1376,9492,1941,5,1,ta,rl,inside,1fam
126000,1560,8668,1968,5,3,ta,rl,corner,duplex
116000,922,9770,1957,5,1,ta,rl,inside,1fam
128600,1560,8078,1958,5,2,ta,rl,inside,duplex
125000,948,10950,1952,6,2,ta,rl,inside,1fam
127000,925,8540,1956,5,1,ta,rl,corner,1fam
116900,925,8400,1955,5,1,ta,rl,corner,1fam
109000,1034,10134,1940,5,1,ta,rl,inside,1fam
103200,882,5500,1956,4,0,no_garage,rl,inside,1fam
120000,888,8700,1961,5,1,ta,rl,inside,1fam
128500,952,8300,1968,6,1,ta,rl,inside,1fam
122900,924,8064,1949,5,2,ta,rl,corner,1fam
119200,1082,11664,1948,6,1,ta,rl,inside,1fam
99000,925,7000,1961,5,1,ta,rl,corner,1fam
125500,864,6600,1962,5,1,ta,rl,inside,1fam
127500,1296,6000,1927,6,2,ta,rm,inside,1fam
89500,1022,4480,1922,5,1,ta,rm,corner,1fam
120000,1183,6000,1948,3,1,ta,rm,inside,1fam
85000,1141,5925,1900,4,1,fa,rm,inside,1fam
108500,960,6000,1920,4,1,ta,rm,inside,1fam
110500,866,3880,1945,5,0,no_garage,rm,inside,1fam
100000,968,8520,1923,5,2,fa,rm,inside,1fam
114000,1232,4571,1910,5,2,fa,rm,inside,1fam
90000,2337,13600,1900,5,2,ta,rm,inside,2fmcon
124500,1358,3600,1930,5,1,ta,rm,inside,1fam
128000,1232,6000,1939,6,1,ta,rm,inside,1fam
126000,1409,6240,1938,6,2,ta,rm,inside,1fam
127500,1367,6240,1931,6,1,ta,rm,inside,1fam
90000,1316,8550,1926,5,2,ta,rl,inside,1fam
117000,1214,5680,1901,5,1,ta,rm,inside,1fam
101000,1111,7200,1920,5,1,ta,rm,inside,1fam
126000,1134,8160,1940,5,1,ta,rl,inside,1fam
115400,1005,14299,1964,4,2,ta,rl,inside,1fam
118500,1029,7943,1961,4,1,ta,rl,inside,1fam
123000,1040,11677,1966,5,1,ta,rl,inside,1fam
125000,894,7094,1966,5,1,ta,rl,inside,1fam
108000,948,8978,1968,5,1,ta,rl,corner,1fam
119900,868,8425,1971,5,2,ta,rl,fr3,2fmcon
115000,897,8665,1968,5,1,ta,rl,inside,1fam
127000,955,7742,1966,5,1,ta,rl,inside,1fam
129000,894,8724,1968,5,2,ta,rl,inside,1fam
109900,1242,17808,1946,4,1,ta,rl,inside,1fam
118000,864,5400,1958,5,1,ta,rl,inside,1fam
86000,605,9098,1920,4,0,no_garage,rl,inside,1fam
96000,1362,7550,1920,4,1,fa,rl,inside,1fam
123600,990,8070,1994,4,0,no_garage,rl,inside,1fam
120000,879,9675,1975,5,2,ta,rl,corner,1fam
127000,864,7200,1972,5,2,gd,rl,inside,1fam
118500,936,9825,1967,5,1,ta,rl,inside,1fam
110000,1088,8308,1963,4,2,ta,rl,inside,1fam
122000,1351,16287,1925,5,2,ta,rl,inside,1fam
111000,948,10215,1954,4,1,ta,rl,inside,1fam
98500,1195,8741,1946,5,0,no_garage,rl,inside,duplex
79000,774,4270,1931,3,0,no_garage,rh,inside,1fam
112000,1346,11767,1910,4,1,fa,rl,inside,1fam
79275,864,8172,1955,4,2,ta,rl,inside,1fam
119750,954,6305,1938,5,1,fa,rl,inside,1fam
87000,803,5000,1941,5,2,ta,rm,inside,1fam
118400,1012,8263,1920,6,1,ta,rm,inside,1fam
68104,845,11067,1939,2,1,ta,rm,corner,1fam
119600,1991,8250,1895,5,0,no_garage,c_all,inside,2fmcon
85500,1092,1504,1972,4,1,ta,rm,inside,twnhs
93900,1092,1495,1970,4,0,no_garage,rm,inside,twnhse
75000,1092,2001,1970,4,1,ta,rm,inside,twnhs
84500,630,1936,1970,4,0,no_garage,rm,inside,twnhs
80000,1608,27697,1961,4,1,ta,rl,inside,1fam
129500,845,7599,1982,4,2,ta,rl,corner,1fam
124500,816,8314,1982,5,1,ta,rl,corner,1fam
116050,864,9353,1970,4,1,ta,rl,inside,1fam
105500,1092,2760,1973,6,2,ta,rm,inside,twnhse
118000,1218,1680,1972,6,1,ta,rm,inside,twnhs
123000,900,7838,1967,5,1,ta,rl,inside,1fam
119900,965,7800,1965,5,1,ta,rh,corner,1fam
116000,909,8450,1968,5,1,ta,rl,inside,1fam
129200,941,8789,1967,5,1,ta,rl,inside,1fam
124400,1051,9759,1966,5,1,ta,rl,inside,1fam
85500,869,5900,1923,4,0,no_garage,rl,inside,1fam
127000,1252,7438,1908,5,2,ta,rl,inside,1fam
121000,936,9888,1954,5,1,ta,rl,inside,1fam
98600,1235,8500,1961,5,2,ta,rl,inside,1fam
118000,1128,9000,1954,5,1,ta,rl,inside,1fam
127000,1312,7500,1947,6,2,ta,rl,inside,1fam
112000,1310,7000,1924,6,1,ta,rl,corner,1fam
117000,833,5400,1954,5,1,ta,rl,inside,1fam
68000,715,10914,1929,3,2,fa,rl,inside,1fam
86900,720,7008,1900,4,1,fa,rl,corner,1fam
120000,1130,10800,1920,5,2,ta,rl,inside,1fam
105000,1214,10410,1915,3,3,ta,rl,corner,1fam
120000,864,7332,1959,6,1,ta,rl,inside,1fam
109500,1040,7200,1950,5,2,ta,rl,inside,1fam
109900,1040,7200,1950,4,2,ta,rl,inside,1fam
87500,1040,8544,1949,3,2,ta,rl,inside,duplex
105000,864,7000,1962,5,1,ta,rl,inside,1fam
124000,1025,7000,1962,5,0,no_garage,rl,inside,2fmcon
107000,1328,9906,1925,4,1,ta,rm,inside,1fam
111500,1657,5520,1920,4,1,fa,rm,corner,1fam
105000,1004,3960,1930,7,1,fa,rm,inside,1fam
111500,1951,7745,1900,4,2,ta,rm,inside,2fmcon
108000,1032,7741,1924,6,1,ta,rm,inside,1fam
105000,864,7200,1950,4,1,ta,rm,inside,1fam
96900,1376,7614,1905,3,1,ta,rm,inside,1fam
61500,492,7830,1921,3,1,fa,rm,inside,1fam
64000,840,5747,1920,3,1,ta,rm,inside,1fam
87000,1774,9600,1900,4,3,fa,rm,inside,1fam
79000,1440,5000,1900,5,1,fa,rm,corner,1fam
125000,960,9750,1958,5,2,ta,rm,inside,1fam
64500,1020,4761,1918,3,0,no_garage,c_all,corner,1fam
119900,1118,7800,1939,5,2,ta,rm,inside,2fmcon
114500,1176,6240,1934,6,2,ta,rm,inside,1fam
88000,1015,6120,1925,5,1,ta,rm,inside,1fam
80500,912,6240,1947,4,0,no_garage,rm,inside,1fam
110000,1324,6120,1930,5,1,fa,rm,inside,1fam
110500,1103,6000,1925,6,2,ta,rm,inside,1fam
113000,1048,6380,1922,5,1,ta,rm,inside,1fam
117000,1635,5310,1910,6,1,fa,rm,corner,1fam
72000,819,9000,1919,5,0,no_garage,rm,inside,1fam
119500,1376,8600,1937,6,1,ta,rm,inside,1fam
91000,1077,9786,1922,3,1,ta,rm,inside,1fam
125000,1032,8250,1935,5,1,ta,rl,inside,1fam
80000,879,5220,1936,5,1,ta,rl,inside,1fam
128000,1150,6488,1942,5,1,ta,rl,inside,1fam
123500,1148,6420,1952,5,1,ta,rl,inside,1fam
128500,971,9920,1969,5,1,ta,rl,inside,1fam
119900,864,7200,1972,5,1,ta,rl,inside,1fam
98000,1436,8777,1910,4,2,ta,rl,inside,1fam
102000,1220,8877,1951,4,2,ta,rl,inside,1fam
119900,1176,16133,1969,5,1,ta,rl,inside,1fam
117250,914,8050,2002,6,0,no_garage,rl,inside,1fam
92000,1338,7822,1915,6,2,ta,rl,corner,1fam
107000,1669,8707,1924,4,1,fa,rl,fr2,1fam
81000,1184,8410,1910,5,0,no_garage,rl,fr2,1fam
115000,864,8172,1955,5,2,ta,rl,inside,1fam
116000,1250,8248,1918,5,1,ta,rl,inside,1fam
83000,1414,8248,1922,4,0,no_garage,rl,inside,1fam
128000,1340,6430,1945,6,1,ta,rh,corner,2fmcon
72000,672,8534,1925,4,0,no_garage,rm,inside,1fam
108000,1336,11040,1920,4,1,ta,c_all,inside,1fam
115000,1396,9000,1951,5,0,no_garage,c_all,inside,2fmcon
78000,936,8520,1916,3,0,no_garage,c_all,inside,1fam
81500,1600,31250,1951,1,1,fa,a_agr,inside,1fam
127000,1475,2665,1977,5,1,ta,rm,inside,twnhse
126500,874,10172,1968,5,1,ta,rl,inside,1fam
79400,1092,1484,1972,4,1,ta,rm,inside,twnhse
92000,630,1533,1970,5,0,no_garage,rm,inside,twnhs
87550,1092,1533,1970,4,1,ta,rm,inside,twnhs
71000,1092,1894,1970,4,1,ta,rm,inside,twnhse
141000,864,19138,1951,4,2,ta,rl,corner,1fam
149900,1456,2280,1975,6,2,ta,rl,fr2,twnhs
146000,1456,2280,1978,6,2,ta,rl,inside,twnhs
160000,1145,3203,2006,7,2,ta,rl,inside,twnhse
143000,923,8012,1980,6,1,ta,rl,inside,twnhse
152000,1097,9672,1984,6,2,ta,rl,corner,1fam
151000,1200,3182,2004,7,2,ta,fv,inside,twnhse
149500,1200,2544,2004,7,2,ta,fv,inside,twnhs
155000,788,4420,1980,8,2,ta,rl,culdsac,twnhse
142250,1232,9600,1966,5,2,ta,rl,inside,1fam
143000,1328,9790,1963,6,2,ta,rl,inside,1fam
159000,1209,9900,1966,5,2,ta,rl,corner,1fam
136300,1775,10600,1964,6,2,ta,rl,inside,1fam
132000,1268,7800,1954,5,1,ta,rl,inside,1fam
154300,2274,11600,1960,5,2,ta,rl,corner,duplex
135000,1604,8267,1958,5,2,ta,rl,corner,duplex
145000,1314,8400,1957,5,1,ta,rl,inside,1fam
148000,1194,8760,1959,6,1,ta,rl,inside,1fam
142000,1188,12160,1959,5,2,ta,rl,inside,1fam
159500,1580,10032,1959,6,2,ta,rl,inside,1fam
135000,1064,10950,1952,5,1,ta,rl,inside,1fam
144900,1086,10200,1954,5,2,ta,rl,inside,1fam
144000,1056,6979,1980,6,2,ta,rl,inside,duplex
132000,1224,8064,1948,6,1,ta,rl,inside,1fam
154000,1246,7500,1959,5,1,ta,rl,inside,1fam
134800,900,7200,1951,5,2,ta,rl,corner,1fam
155000,1839,7700,1966,6,2,ta,rl,inside,1fam
143000,1347,5805,1957,5,2,ta,rm,inside,1fam
139000,1652,10800,1915,5,1,ta,rm,inside,1fam
149700,1236,7407,1957,6,2,ta,rm,inside,1fam
134000,1132,6000,1939,6,1,ta,rm,inside,1fam
139900,1416,6000,1948,6,1,ta,rm,inside,1fam
136000,1832,10773,1967,4,0,no_garage,rl,inside,duplex
154000,1060,8246,1968,5,1,ta,rl,inside,1fam
158900,1386,11616,1978,6,2,ta,rl,culdsac,1fam
147000,996,9069,1992,6,2,ta,rl,inside,1fam
150000,1026,15240,1977,5,1,ta,rl,fr2,1fam
155891,992,8842,1954,5,1,ta,rl,corner,1fam
144000,1196,10044,1968,5,1,ta,rl,culdsac,1fam
140000,1121,8546,2003,4,2,ta,rm,corner,1fam
144500,1526,8562,1957,5,1,ta,rl,inside,1fam
160000,1687,57200,1948,5,2,ta,rl,inside,1fam
139000,1824,9400,1971,6,0,no_garage,rl,corner,duplex
157900,1188,26142,1962,5,1,ta,rl,culdsac,1fam
159000,2432,7700,1985,5,2,ta,rl,inside,duplex
136000,1274,10475,1991,5,2,ta,rl,inside,1fam
157000,1601,11880,1978,7,2,ta,rl,inside,1fam
136000,1792,9000,1974,5,0,no_garage,rl,fr2,duplex
143000,1050,8510,1971,5,1,ta,rl,inside,1fam
137900,1456,2349,1977,6,2,ta,rl,inside,twnhs
147000,1548,2364,1978,6,2,ta,rl,inside,twnhse
148800,1120,10710,1966,5,2,ta,rl,inside,1fam
156000,1430,7750,1999,7,2,ta,rl,inside,1fam
159000,1114,13072,2004,7,2,ta,rl,inside,1fam
160000,1882,8250,1981,6,2,ta,rl,inside,duplex
135000,980,7064,1977,5,2,ta,rl,inside,1fam
141000,864,8499,1961,5,2,ta,rl,corner,1fam
131400,1144,10000,1961,5,1,ta,rl,corner,1fam
150000,1620,9991,1976,4,2,ta,rl,corner,1fam
154000,1556,11700,1968,6,2,ta,rl,inside,1fam
130000,864,7130,1967,5,1,ta,rl,inside,1fam
143000,1568,9600,1967,5,2,ta,rl,inside,1fam
140000,1362,9450,1957,4,3,ta,rl,corner,1fam
153000,1313,9350,1961,5,2,ta,rl,inside,1fam
158000,1445,12095,1964,6,2,ta,rl,corner,1fam
140000,1668,9600,1950,6,1,ta,rl,inside,1fam
150000,1144,8760,1956,5,1,ta,rl,inside,1fam
139000,1632,9600,1958,6,1,ta,rl,inside,1fam
144000,1200,10400,1956,4,1,ta,rl,corner,1fam
153000,1297,8532,1954,5,2,ta,rl,inside,1fam
145500,1031,7626,1952,5,1,ta,rl,inside,1fam
129900,1200,9600,1950,5,1,ta,rl,inside,1fam
132000,972,8000,1948,6,1,ta,rl,inside,1fam
135000,1656,10410,1916,5,1,fa,rl,inside,1fam
154000,1380,10143,1963,6,1,ta,rl,inside,1fam
143500,951,8010,1958,6,2,ta,rl,inside,1fam
153000,1306,8712,1957,5,1,ta,rl,inside,1fam
133000,1268,12144,1949,5,1,ta,rl,inside,1fam
138000,1904,7200,1950,5,1,ta,rl,inside,1fam
139000,1339,7560,1958,5,1,ta,rl,inside,1fam
133500,1461,10800,1949,4,1,ta,rl,inside,1fam
144750,1806,7570,1964,6,2,ta,rl,corner,1fam
130000,1306,15660,1910,5,2,fa,rm,inside,1fam
150000,1558,6406,1939,5,2,ta,rm,inside,1fam
137000,1654,4960,1930,5,1,ta,rl,inside,1fam
132500,1412,6000,1939,6,1,ta,rm,inside,1fam
141500,1539,6120,1936,5,2,ta,rm,corner,1fam
133000,1573,6120,1935,4,1,ta,rm,inside,1fam
150000,1582,6120,1938,5,1,fa,rm,inside,1fam
139000,1121,8816,1963,5,2,ta,rl,corner,1fam
149900,1034,8014,1978,6,2,ta,rl,culdsac,1fam
139600,1733,13680,1955,3,2,ta,rl,culdsac,1fam
139500,1049,4235,1984,5,1,ta,rl,inside,twnhse
131000,1716,11409,1949,5,1,ta,rl,inside,1fam
147983,2228,7018,1979,5,2,ta,rl,inside,duplex
152000,1040,12464,1996,5,2,ta,rl,corner,1fam
138000,990,8072,1994,5,2,ta,rl,inside,1fam
134900,914,6950,1979,5,2,ta,rl,inside,1fam
136500,864,7000,1978,5,1,ta,rl,culdsac,1fam
133900,768,7200,1972,5,1,ta,rl,inside,1fam
133000,768,8445,1972,5,2,ta,rl,corner,1fam
140000,848,4435,2003,6,2,ta,rm,inside,twnhse
145500,1072,3675,2005,6,2,ta,rm,inside,twnhse
159434,1520,4500,1932,5,1,ta,rh,inside,1fam
147500,1232,8574,1916,6,2,ta,rl,inside,1fam
137450,1608,6171,1925,6,1,fa,rl,inside,1fam
155000,1135,7200,1936,7,2,ta,rl,inside,1fam
145000,1477,6292,1928,7,1,ta,rl,inside,1fam
158000,1523,15600,1949,5,1,ta,rl,inside,1fam
158500,1152,14000,1950,6,1,ta,rl,inside,1fam
137000,1229,1488,1980,6,2,ta,rm,inside,twnhse
147000,1344,10690,1920,5,1,ta,rm,inside,1fam
152000,1595,11070,1991,5,2,ta,rl,inside,1fam
130000,874,9858,1968,5,1,ta,rl,inside,1fam
131900,796,7689,1972,5,1,ta,rl,inside,1fam
133000,1488,47280,1950,6,2,ta,rl,inside,1fam
157000,1178,10000,1973,5,2,ta,rl,inside,1fam
133000,1792,9000,1974,5,2,ta,rl,fr2,duplex
151000,1054,9750,1969,6,2,ta,rl,fr2,1fam
140000,1069,4043,1977,6,2,ta,rl,inside,twnhse
143000,1456,2308,1975,6,2,ta,rl,fr2,twnhse
155000,1626,2448,2003,7,2,ta,rl,inside,twnhs
154000,1626,2448,2003,7,2,ta,rl,inside,twnhs
159895,1266,3182,2007,7,2,ta,rl,inside,1fam
159000,1114,13695,2004,5,2,ta,rl,inside,1fam
153900,1199,7892,1993,6,2,ta,rl,inside,twnhse
144000,912,12968,1962,5,1,ta,rl,inside,1fam
135000,864,8100,1961,5,1,ta,rl,inside,1fam
140000,1641,10759,1972,5,2,ta,rl,corner,1fam
146000,1392,3604,2007,7,2,ta,fv,corner,twnhse
145000,1258,11040,1971,6,2,ta,rl,inside,1fam
140500,1625,9750,1965,5,2,ta,rl,inside,duplex
141000,1464,8814,1968,5,2,ta,rl,inside,1fam
135000,925,8125,1965,5,2,ta,rl,inside,1fam
142600,1728,13101,1965,5,2,ta,rl,inside,duplex
135000,1656,9246,1973,5,2,ta,rl,inside,duplex
155000,1128,8700,1963,5,2,ta,rl,inside,1fam
145000,1092,8250,1964,6,2,ta,rl,inside,1fam
140000,1114,9900,1961,5,2,ta,rl,corner,1fam
142000,1252,10721,1959,6,2,ta,rl,inside,1fam
141000,1100,12493,1960,4,1,ta,rl,inside,1fam
141500,1337,9600,1950,5,1,ta,rl,inside,1fam
140000,1283,7763,1962,5,2,ta,rl,inside,1fam
136500,1176,8856,1957,5,1,ta,rl,inside,1fam
139000,1196,9000,1956,6,1,ta,rl,inside,1fam
136000,1080,9464,1958,6,1,ta,rl,corner,1fam
133000,1104,10425,1956,5,1,ta,rl,inside,1fam
137500,1152,9373,1953,5,2,ta,rl,corner,1fam
130000,950,12774,1953,5,2,ta,rl,inside,1fam
139000,1436,10836,1922,5,4,fa,rl,inside,1fam
139000,1044,10180,1968,5,2,ta,rl,corner,1fam
159000,1256,8000,1959,5,1,ta,rl,inside,1fam
138000,1320,8064,1948,6,2,ta,rl,inside,1fam
150000,1588,7200,1955,5,2,ta,rl,inside,1fam
136870,1117,7590,1963,5,1,ta,rl,inside,1fam
143000,1133,9836,2008,6,1,ta,rm,inside,1fam
155000,1436,10800,1940,6,2,ta,rm,inside,2fmcon
153900,1416,12665,1915,5,3,ta,rm,inside,1fam
153000,1738,7010,1935,5,1,ta,rl,inside,1fam
150000,2009,6240,1939,7,2,ta,rm,inside,1fam
130000,838,10267,1918,6,1,ta,rl,inside,1fam
160000,1984,8094,1910,6,1,no_garage,rm,inside,2fmcon
134000,1211,8250,1968,5,1,ta,rl,inside,1fam
135000,1271,21286,1948,5,1,ta,rl,inside,1fam
134432,1588,17120,1959,4,2,ta,rl,inside,1fam
148000,1075,11235,1963,5,2,ta,rl,corner,1fam
153000,1034,7703,1978,6,2,ta,rl,culdsac,1fam
152000,1126,7400,1984,5,2,ta,rl,culdsac,1fam
144900,960,9239,1963,5,1,ta,rl,inside,1fam
140000,1601,13825,1958,5,1,ta,rl,inside,1fam
155000,1094,10452,1953,6,2,ta,rl,inside,1fam
134500,1269,9360,1962,6,1,ta,rl,corner,1fam
155000,990,9750,1994,5,2,ta,rl,inside,1fam
145000,990,9245,1994,5,2,ta,rl,inside,1fam
130250,938,9200,1975,5,1,ta,rl,culdsac,1fam
147000,1026,10970,1978,6,2,ta,rl,inside,1fam
143195,1076,9216,1975,5,2,ta,rl,inside,1fam
136500,848,4435,2003,6,2,ta,rm,inside,twnhse
149300,848,4426,2004,6,2,ta,rm,inside,twnhse
141000,848,4426,2004,6,2,ta,rm,inside,twnhse
145900,2200,8777,1900,5,0,no_garage,rl,inside,duplex
147500,1256,9937,1965,5,1,ta,rl,inside,1fam
135000,1127,6500,1976,6,2,ta,rl,inside,1fam
160000,5642,63887,2008,10,2,ta,rl,corner,1fam
130500,1200,11767,1946,5,1,ta,rl,inside,1fam
135000,1470,8172,1954,4,1,ta,rl,inside,1fam
135500,1393,16466,1955,5,1,ta,rl,inside,1fam
135900,1716,5687,1912,5,0,no_garage,rl,inside,2fmcon
136500,1694,8400,1925,6,2,ta,rl,inside,1fam
149000,1502,7200,1931,7,1,ta,rl,inside,1fam
151000,1556,1950,1980,6,2,ta,rm,inside,twnhs
138000,816,6600,1982,5,2,ta,rl,inside,1fam
134500,845,6600,1982,5,1,ta,rl,inside,1fam
160000,1750,12508,1940,6,1,ta,rl,inside,1fam
137500,889,12395,1984,5,2,ta,rl,corner,1fam
155000,1424,41600,1969,5,3,ta,rl,fr2,2fmcon
148000,1032,10395,1978,6,2,ta,rl,fr2,1fam
152000,1620,10793,1969,5,2,ta,rl,inside,1fam
139000,1109,10500,1971,5,1,ta,rl,fr2,1fam
155000,1422,9457,1970,5,2,ta,rl,inside,1fam
133000,767,4058,1998,7,1,ta,rh,inside,twnhse
155000,1548,2308,1976,6,2,ta,rl,corner,twnhse
142500,1055,2304,1978,7,1,ta,rl,inside,twnhs
156932,1412,8499,2006,6,2,ta,rl,inside,1fam
147000,1795,9986,2006,8,3,ta,rl,inside,1fam
146000,1100,7500,2006,6,0,no_garage,rl,inside,1fam
144000,884,9180,1983,5,2,ta,rl,culdsac,1fam
132500,999,7758,1962,5,1,ta,rl,corner,1fam
145000,1040,7476,1968,5,2,ta,rl,corner,1fam
147000,1055,12712,1973,6,2,ta,rl,culdsac,1fam
143000,1214,10355,1967,5,1,ta,rl,corner,1fam
140500,1187,14357,1961,5,2,ta,rl,culdsac,1fam
147000,1374,11382,1964,6,1,ta,rl,inside,1fam
150750,1327,7388,1959,5,2,ta,rl,corner,1fam
138500,908,12172,1940,5,2,ta,rl,inside,1fam
144000,1150,9600,1955,5,1,ta,rl,inside,1fam
146500,1644,9480,1942,5,1,ta,rl,inside,1fam
158500,1254,9600,1961,6,2,ta,rl,inside,1fam
144000,1524,11344,1958,5,1,ta,rl,inside,1fam
135000,1048,10152,1956,5,1,ta,rl,inside,1fam
130000,1411,12198,1955,5,1,ta,rl,inside,1fam
142000,1154,11556,1953,5,1,ta,rl,inside,1fam
134500,1008,8923,1953,5,1,ta,rl,inside,1fam
132000,928,13300,1956,5,1,ta,rl,inside,1fam
153000,1647,9532,1953,4,1,ta,rl,inside,1fam
148000,1534,10800,1895,5,0,no_garage,rl,inside,1fam
143000,1846,10496,1949,6,1,ta,rl,inside,1fam
135000,1134,7000,1960,5,1,ta,rl,inside,1fam
140000,1170,7315,1958,5,1,ta,rl,inside,1fam
156500,1377,8000,1960,5,1,ta,rl,inside,1fam
130000,936,6760,1962,5,1,ta,rl,inside,1fam
140000,936,7200,1980,5,2,ta,rm,inside,duplex
130000,1072,7200,1940,5,2,ta,rm,inside,1fam
145000,1642,9863,1927,6,1,ta,rm,inside,1fam
144100,1650,8398,1910,6,2,ta,rm,inside,1fam
133900,2291,7200,1910,6,2,ta,c_all,corner,2fmcon
152000,1616,5400,1926,6,1,ta,rm,corner,1fam
153500,1559,8100,1948,5,2,ta,rm,inside,1fam
135000,1274,6125,1939,5,1,fa,rm,inside,1fam
131750,1426,6240,1930,5,1,fa,rm,inside,1fam
132500,1281,6120,1926,5,2,ta,rm,inside,1fam
141000,1375,9000,1937,6,1,ta,rm,inside,1fam
134500,943,8398,1967,5,2,ta,rl,inside,1fam
143500,1285,8197,1977,6,2,ta,rl,inside,1fam
137000,1176,13770,1958,5,1,ta,rl,corner,1fam
130000,1630,22692,1953,5,2,ta,rl,inside,1fam
150000,1440,7711,1977,4,0,no_garage,rl,inside,duplex
136500,1480,11100,1951,5,1,ta,rl,inside,1fam
139500,1022,14217,1994,5,2,ta,rl,culdsac,1fam
146000,990,8428,1994,5,1,ta,rl,inside,1fam
131500,848,4435,2003,6,2,ta,rm,inside,twnhse
148000,1113,7917,1976,6,1,ta,rl,corner,1fam
157000,1090,7024,2005,5,2,ta,rl,inside,1fam
140000,1072,3675,2005,6,2,ta,rm,inside,twnhse
131750,960,6400,1959,5,1,ta,rl,inside,1fam
150000,2592,10890,1923,5,0,no_garage,rl,inside,duplex
136500,1422,7223,1926,5,1,ta,rl,inside,1fam
146500,1298,6821,1921,6,1,ta,rl,inside,1fam
139000,1250,5362,1910,5,2,ta,rl,corner,1fam
145000,1958,7136,1946,6,2,ta,rh,inside,duplex
140000,1355,6221,1941,5,2,ta,rl,inside,2fmcon
141000,1215,7000,1940,6,2,ta,rm,corner,1fam
150909,1828,9060,1923,5,NA,no_garage,rm,inside,1fam
152000,1558,13710,1950,5,1,ta,rm,inside,1fam
140000,1073,6565,1957,4,2,ta,c_all,corner,1fam
134000,1080,9187,1983,6,2,ta,rl,corner,1fam
148000,918,8750,1975,7,1,ta,rl,inside,1fam
147000,1120,8402,2007,5,0,no_garage,rl,inside,1fam
130000,2034,43500,1953,3,4,ta,rl,inside,1fam
143000,1632,25000,1967,5,2,ta,rl,inside,duplex
146800,1062,11333,1976,6,2,ta,rl,corner,1fam
153500,1008,9129,1977,5,2,ta,rl,inside,1fam
135000,1178,11000,1976,5,2,ta,rl,corner,1fam
139000,816,11625,1983,5,1,ta,rl,inside,1fam
149900,1293,11027,1954,6,2,ta,rl,inside,1fam
145000,1056,34650,1955,5,2,ta,rl,inside,2fmcon
145000,1387,7514,1967,5,1,ta,rl,inside,1fam
132000,1131,13072,2005,6,0,no_garage,rl,inside,1fam
142500,1141,13072,2005,6,2,ta,rl,inside,1fam
151000,1217,7175,1991,6,2,ta,rl,inside,twnhse
133500,925,8638,1963,5,2,ta,rl,inside,1fam
135000,1236,6993,1961,5,1,ta,rl,inside,1fam
147400,1223,2544,2005,7,2,ta,fv,inside,twnhs
149900,1223,2544,2005,7,2,ta,fv,inside,twnhs
140000,1164,9600,1969,7,2,ta,rl,inside,1fam
155000,1770,8640,1968,5,2,ta,rl,inside,1fam
157500,976,9360,1968,6,2,ta,rl,inside,1fam
138500,1052,8400,1968,5,1,ta,rl,inside,1fam
146000,1200,9230,1965,5,2,ta,rl,corner,1fam
136500,1050,10659,1961,5,1,ta,rl,inside,1fam
145000,1712,8393,1959,5,2,ta,rl,corner,duplex
157500,1440,9350,1964,5,2,ta,rl,inside,1fam
140000,1095,10382,1958,6,1,ta,rl,inside,2fmcon
151500,1248,10800,1960,5,1,ta,rl,inside,1fam
129800,816,8550,1934,6,1,ta,rl,inside,1fam
137000,1043,9724,1947,5,1,ta,rl,inside,1fam
135000,1216,9600,1951,5,1,ta,rl,inside,1fam
133000,1578,9490,1941,6,1,ta,rl,inside,1fam
137000,1728,9462,1949,5,1,ta,rl,inside,1fam
132500,1190,7728,1962,5,2,ta,rl,inside,duplex
143000,1144,8163,1959,5,1,ta,rl,inside,1fam
141000,1092,14850,1957,5,1,ta,rl,inside,1fam
153000,1124,10152,1956,6,1,ta,rl,inside,1fam
135960,943,7032,1979,5,2,ta,rl,corner,duplex
156000,1050,8092,1954,6,1,ta,rl,inside,1fam
140000,1375,11310,1954,6,2,ta,rl,inside,1fam
139500,1008,12778,1952,5,1,ta,rl,inside,1fam
155000,1575,10170,1951,6,2,ta,rl,corner,1fam
133500,1005,11050,1956,5,1,ta,rl,inside,1fam
142000,884,15428,1951,5,1,ta,rl,inside,1fam
155500,1595,7200,1915,6,2,ta,rl,inside,1fam
159950,1086,13400,1966,5,2,ta,rl,inside,1fam
147000,1207,9510,1962,6,1,ta,rl,inside,1fam
159500,1194,8910,1959,6,2,ta,rl,corner,1fam
129900,816,7100,1957,5,1,ta,rl,corner,1fam
157500,1472,11650,1959,7,2,ta,rl,corner,1fam
147500,1521,12144,1950,4,1,fa,rl,inside,1fam
135000,1192,10800,1949,4,0,no_garage,rl,inside,1fam
141000,1150,7945,1959,5,1,ta,rl,inside,1fam
134500,999,10205,1962,5,1,ta,rl,inside,1fam
156500,1416,9600,1900,6,2,ta,rm,inside,1fam
139900,1428,6451,1900,7,2,ta,rm,inside,1fam
135500,960,6000,1955,5,2,ta,rm,inside,2fmcon
139000,1566,6000,1924,5,2,ta,rm,inside,1fam
137000,1928,9142,1910,6,1,po,rm,inside,2fmcon
155000,2104,6300,1910,7,2,fa,rm,corner,1fam
144000,1690,8850,1916,7,1,ta,rm,corner,1fam
157000,1762,7200,1920,7,2,ta,rm,corner,1fam
140200,1577,6435,1939,6,1,ta,rl,inside,1fam
159000,1664,5000,1947,6,2,ta,rm,corner,1fam
149000,1576,6240,1928,5,1,ta,rm,inside,1fam
150000,1921,11136,1964,6,2,ta,rl,corner,duplex
130000,1352,6930,1958,5,1,ta,rl,inside,1fam
157000,1073,5500,2004,7,1,ta,rl,inside,1fam
148000,1382,11235,1963,4,2,ta,rl,inside,1fam
154500,1068,8414,1963,6,1,ta,rl,inside,1fam
153600,1064,11327,1967,5,2,ta,rl,inside,1fam
158000,1159,11553,1968,5,1,ta,rl,inside,1fam
149500,1400,7844,1978,6,2,ta,rl,inside,1fam
156500,1967,9662,1977,5,2,ta,rl,inside,duplex
157000,1949,8235,1977,5,2,ta,rl,inside,duplex
155000,1803,13125,1957,5,2,ta,rl,corner,1fam
145000,960,10246,1965,4,1,ta,rl,culdsac,1fam
148400,1700,1700,1980,7,1,gd,rl,inside,twnhs
146000,1350,9375,1954,4,2,ta,rl,corner,1fam
135000,1488,12048,1952,5,2,ta,rl,inside,1fam
136900,1855,9525,1954,6,1,ta,rl,inside,1fam
149900,1609,9525,1953,6,1,fa,rl,inside,1fam
157500,1388,8340,1977,6,1,ta,rl,inside,1fam
155900,848,4435,2004,6,2,ta,rm,inside,twnhse
149900,1466,17755,1959,5,2,ta,rl,inside,1fam
142500,1072,3675,2005,6,2,ta,rm,inside,twnhse
134000,1709,2522,2004,7,2,ta,rm,inside,twnhs
137500,1709,2522,2004,7,2,ta,rm,inside,twnhs
131000,1465,10164,1939,5,1,ta,rl,inside,1fam
140000,1717,9550,1915,7,3,ta,rl,corner,1fam
137500,1180,11600,1922,4,1,ta,rl,inside,1fam
145400,1285,7000,1926,6,2,ta,rm,inside,1fam
135000,1004,10530,1977,6,2,ta,rl,inside,duplex
148000,1210,11080,1975,6,2,ta,rl,corner,1fam
146500,1652,11836,1970,5,3,ta,rl,corner,duplex
150900,1728,12640,1976,6,2,ta,rl,inside,duplex
160000,1126,17400,1977,5,2,ta,rl,inside,1fam
131000,1224,20000,1960,5,2,ta,rl,inside,1fam
172000,1329,14267,1958,6,1,ta,rl,corner,1fam
213500,1338,4920,2001,8,2,ta,rl,inside,twnhse
191500,1280,5005,1992,8,2,ta,rl,inside,twnhse
175900,1655,10000,1993,6,2,ta,rl,corner,1fam
180400,1465,8402,1998,6,2,ta,rl,inside,1fam
210000,2073,13175,1978,6,2,ta,rl,inside,1fam
190000,1844,11751,1977,6,2,ta,rl,inside,1fam
175500,1626,2628,2003,7,2,ta,rl,inside,twnhs
192000,1269,3182,2004,8,2,ta,rl,inside,twnhse
180000,1430,7750,2000,7,2,ta,rl,inside,1fam
204500,1218,9215,2009,7,2,ta,fv,inside,1fam
181000,1659,11920,2004,7,2,ta,rl,inside,1fam
205000,2110,8880,1994,7,2,ta,rl,inside,1fam
194500,1744,9453,1993,7,2,ta,rl,culdsac,1fam
171000,1564,8400,1980,6,2,ta,rl,inside,1fam
190000,1923,10186,1992,7,2,ta,rl,inside,1fam
190000,1680,3515,2004,7,2,ta,fv,inside,twnhse
177500,1573,2117,2000,6,2,ta,fv,inside,twnhs
205000,1610,10603,1977,6,2,ta,rl,inside,1fam
196500,1714,10421,1988,7,2,ta,rl,inside,1fam
171000,1645,9600,1971,6,2,ta,rl,inside,1fam
178900,1510,9680,1967,5,2,ta,rl,inside,1fam
180500,1152,14112,1964,5,2,ta,rl,corner,1fam
197600,2461,9724,1952,5,2,ta,rl,inside,1fam
172500,1556,17360,1949,6,2,ta,rl,corner,1fam
180000,2207,19900,1970,7,2,ta,rl,inside,1fam
165500,1700,10552,1959,5,2,ta,rl,inside,1fam
167500,1264,9300,1960,5,2,ta,rl,inside,1fam
160250,1373,7424,1978,5,2,ta,rl,inside,duplex
163000,1440,11227,1968,5,2,ta,rl,inside,1fam
178000,1732,9206,1985,6,2,ta,rl,inside,1fam
206000,1208,6762,2006,7,2,ta,rl,inside,1fam
198900,1226,10402,2009,7,3,ta,rl,corner,1fam
187000,1222,7360,2010,7,2,ta,rl,inside,1fam
191000,1692,9337,1997,7,2,ta,rl,inside,1fam
161750,1392,10900,1977,6,1,ta,rl,fr2,1fam
213000,1484,8400,2004,7,2,ta,rl,inside,1fam
169000,2447,9638,1919,6,1,ta,rl,inside,1fam
185000,1034,3907,1989,8,2,ta,rm,inside,twnhse
201000,1560,9196,2003,7,2,ta,rl,inside,1fam
170000,2048,12760,1976,6,2,ta,rl,inside,duplex
179781,1214,9803,2009,7,2,ta,rl,inside,1fam
174000,1444,9802,2006,5,2,ta,rl,inside,1fam
166500,1344,11875,1999,5,2,ta,rl,inside,1fam
161000,1479,10544,1969,5,1,ta,rl,inside,1fam
189500,1608,10179,1997,6,2,ta,rl,corner,1fam
189000,1628,8400,1996,7,2,ta,rl,inside,1fam
185000,1470,9765,1993,6,2,ta,rl,corner,1fam
166000,1190,7250,1993,6,2,ta,rl,inside,1fam
178000,1593,9636,1992,6,2,ta,rl,corner,1fam
174000,1481,8125,1994,6,2,ta,rl,inside,1fam
180500,1442,11851,1990,7,2,ta,rl,corner,1fam
181000,1586,17043,1979,6,2,ta,rl,culdsac,1fam
187500,1472,14115,1980,7,2,ta,rl,inside,1fam
184000,1707,11088,1978,6,2,ta,rl,inside,1fam
184500,1306,5122,2005,6,2,ta,rl,inside,twnhs
212500,1358,10307,2007,7,2,ta,rl,inside,twnhse
173000,1405,3480,2003,7,2,ta,rl,inside,twnhse
174000,1484,12589,2005,6,2,ta,rl,inside,1fam
174000,1555,3684,2007,7,3,ta,rl,inside,twnhse
175900,1569,3635,2007,7,3,ta,rl,inside,twnhse
181000,1504,3182,2005,7,2,ta,rl,inside,twnhse
160200,1145,3182,2005,7,2,ta,rl,inside,twnhse
188500,1432,7795,2004,7,2,ta,rl,inside,1fam
200000,2267,8068,2002,6,2,ta,rl,inside,1fam
170000,1374,9434,2004,7,2,ta,rl,inside,1fam
192000,1489,8965,2003,7,2,ta,rl,inside,1fam
207500,1314,5063,2007,7,2,ta,rl,inside,twnhs
167000,1374,9734,2004,7,2,ta,rl,inside,1fam
179000,1800,8123,2000,6,2,ta,rl,inside,1fam
168000,1430,7848,1999,7,2,ta,rl,inside,1fam
210000,1590,9000,2008,8,2,ta,fv,inside,1fam
184900,1200,10083,2003,7,2,ta,rl,inside,1fam
184000,1540,9109,1994,7,2,ta,rl,inside,1fam
162000,1400,10274,1986,6,2,ta,rl,culdsac,1fam
180000,1512,2998,2000,6,2,ta,fv,inside,twnhse
211500,1226,3782,1981,8,2,ta,rl,culdsac,twnhse
185000,1442,11717,1970,6,2,ta,rl,inside,1fam
185750,1489,9156,1968,6,2,ta,rl,inside,1fam
200000,2090,10382,1973,7,2,ta,rl,corner,1fam
197900,1724,17871,1967,6,2,ta,rl,culdsac,1fam
163000,1336,9600,1969,5,2,ta,rl,inside,1fam
167900,1334,9650,1977,6,2,ta,rl,inside,1fam
213250,1680,10140,1998,7,2,ta,rl,inside,1fam
161500,1342,9790,1967,6,2,ta,rl,inside,1fam
167000,1516,10004,1964,6,2,ta,rl,inside,1fam
175000,1691,9900,1967,6,2,gd,rl,inside,1fam
167000,1644,9600,1953,6,2,ta,rl,inside,1fam
187500,1453,10573,1961,6,2,ta,rl,corner,1fam
205000,1986,13600,1965,7,2,ta,rl,inside,1fam
193500,2142,13000,1968,6,1,ta,rl,corner,1fam
190000,2544,9671,1969,6,3,ta,rl,corner,duplex
163000,1040,11500,1967,6,2,ta,rl,inside,1fam
200000,2634,11643,1969,5,4,ta,rl,inside,duplex
168000,1742,17671,1882,8,2,ta,rm,corner,1fam
179900,1944,9928,1915,7,1,ta,rm,inside,1fam
179000,1200,10800,1987,5,0,no_garage,rl,inside,duplex
179000,1200,10800,1987,5,0,no_garage,rl,inside,duplex
165000,1774,15400,1961,5,1,ta,rl,inside,1fam
165000,2071,15584,1956,5,1,ta,rl,inside,1fam
161500,1788,11250,1957,4,1,ta,rl,inside,1fam
200000,1290,6762,2007,7,2,ta,rl,inside,1fam
194500,1232,7314,2007,7,2,ta,rl,inside,1fam
173000,1422,11646,2005,6,2,ta,rl,inside,1fam
192000,1431,9017,1999,7,2,ta,rl,inside,1fam
200000,1772,8750,1998,6,2,ta,rl,inside,1fam
195000,1660,8935,2002,7,2,ta,rl,inside,1fam
203000,1444,10739,2002,7,2,ta,rl,inside,1fam
201000,1492,11166,2001,7,2,ta,rl,inside,1fam
198500,1725,8749,2002,7,2,ta,rl,inside,1fam
211000,1870,11250,2001,7,2,ta,rl,corner,1fam
203000,1504,11883,1996,7,2,ta,rl,inside,1fam
210000,1417,8750,1997,7,2,ta,rl,inside,1fam
191000,1716,8750,1996,7,2,ta,rl,inside,1fam
178000,1212,9100,2001,7,2,ta,rl,inside,1fam
213000,1630,9750,2000,7,2,ta,rl,inside,1fam
190000,1728,9313,2004,7,2,ta,rl,inside,1fam
190000,1500,8487,2004,7,2,ta,rl,fr2,1fam
170000,1396,11069,2007,6,2,ta,rl,corner,1fam
167000,1486,9937,1964,5,2,ta,rl,corner,1fam
198500,1922,7301,2003,7,2,ta,rl,corner,1fam
205000,1567,13680,1940,5,2,ta,rl,inside,1fam
177500,1494,7500,1942,6,1,ta,rl,inside,1fam
163500,964,13360,1921,5,2,ta,rl,inside,1fam
205000,2480,8145,1940,7,2,ta,rl,corner,duplex
174500,1564,12000,1941,7,1,ta,rl,inside,1fam
208000,1982,13607,1986,6,2,ta,rl,inside,1fam
175000,1412,11457,1988,6,2,ta,rl,corner,1fam
204000,2237,9839,1980,6,2,ta,rl,culdsac,1fam
170000,2014,9157,2003,7,2,ta,rl,corner,1fam
165500,1110,9101,1978,5,2,ta,rl,corner,1fam
196000,1567,9819,1977,6,2,ta,rl,inside,1fam
173000,1632,10457,1969,5,2,ta,rl,inside,1fam
176500,1414,11029,1958,6,2,ta,rl,corner,1fam
187500,1604,8702,1997,6,2,ta,rl,inside,1fam
165000,1470,8139,1995,6,2,ta,rl,inside,1fam
175000,1446,21872,1996,7,2,ta,rl,fr2,1fam
180000,1280,5070,1992,8,2,ta,rl,inside,twnhse
183000,1633,11184,1998,6,2,ta,rl,corner,1fam
188000,1658,8000,1995,6,2,ta,rl,inside,1fam
189000,1228,4671,1988,8,2,ta,rl,inside,twnhse
175500,1422,12090,1981,6,2,ta,rl,inside,1fam
181900,1260,10825,1983,7,2,ta,rl,inside,1fam
161000,1211,13068,1976,6,2,ta,rl,corner,1fam
175000,1126,15611,1977,5,2,ta,rl,corner,1fam
185000,2044,10400,1980,7,2,ta,rl,inside,1fam
205000,1964,10480,1976,7,2,ta,rl,inside,1fam
192000,1367,12304,2005,7,2,ta,rl,corner,twnhse
195000,1455,3940,2003,7,3,ta,rl,inside,twnhse
187687,1246,3710,2007,7,2,ta,rl,inside,1fam
190000,1166,9587,2005,7,2,ta,rl,inside,1fam
213000,1986,8396,2003,7,2,ta,rl,inside,1fam
186500,1792,10261,2000,6,2,ta,rl,inside,1fam
185900,1651,8390,1999,7,2,ta,rl,inside,1fam
212700,1372,8640,2007,8,2,ta,fv,inside,1fam
182000,1428,11639,2007,7,2,ta,fv,corner,1fam
205950,1665,8125,2007,7,2,ta,fv,inside,1fam
207500,1728,8791,2003,6,2,ta,fv,inside,1fam
173000,1640,8366,2004,6,2,ta,rl,inside,1fam
179200,1294,7153,1991,6,2,ta,rl,inside,1fam
193000,1617,8012,1993,6,2,ta,rl,inside,twnhse
192000,1430,19508,1974,6,2,ta,rl,inside,1fam
196000,1391,4282,2004,7,2,ta,fv,inside,twnhse
171900,1250,4017,2006,7,2,ta,fv,inside,twnhse
178000,1245,3435,2004,7,2,ta,fv,corner,twnhse
170000,1404,2160,1999,7,2,ta,fv,inside,twnhs
200000,1607,2645,1999,8,2,ta,fv,inside,twnhs
205000,1812,7500,2002,7,2,ta,fv,inside,1fam
183000,1427,11104,1969,6,2,ta,rl,inside,1fam
170000,1670,13355,1971,7,2,ta,rl,inside,1fam
178400,999,12122,1961,7,2,ta,rl,corner,1fam
176000,1978,9900,1968,7,2,ta,rl,inside,1fam
174900,1165,9020,1966,6,2,gd,rl,inside,1fam
168500,1350,9020,1964,6,2,ta,rl,corner,1fam
165500,1661,9600,1955,6,1,ta,rl,inside,1fam
201800,1820,13700,1965,7,2,ta,rl,inside,1fam
163000,1362,10197,1961,6,2,ta,rl,inside,1fam
165000,1431,9150,1962,6,1,ta,rl,corner,1fam
163000,1261,9120,1958,6,2,ta,rl,inside,1fam
166800,1570,13200,1958,6,2,ta,rl,inside,1fam
167900,1611,9760,1964,6,2,ta,rl,inside,1fam
200000,2082,11426,2003,7,2,ta,rm,inside,1fam
161000,1378,9600,1928,7,2,ta,rm,inside,1fam
163000,1912,10800,1905,6,2,gd,rm,inside,2fmcon
184000,2495,10800,1890,7,2,ta,rm,inside,1fam
164900,1672,6000,1940,6,1,ta,rm,inside,1fam
162900,1573,6240,1930,5,2,ta,rm,inside,1fam
207000,1848,13053,1923,6,2,ta,rl,inside,1fam
161000,1666,5100,1925,8,1,ta,rm,inside,1fam
173000,1291,2887,1996,6,2,ta,rl,inside,1fam
177000,1357,11512,1959,6,1,ta,rl,corner,1fam
185000,1674,21780,1918,6,2,ta,rl,inside,1fam
200000,1688,12798,1997,6,2,ta,rl,inside,1fam
207500,1652,8998,2000,7,2,ta,rl,inside,1fam
188000,1724,8924,1998,7,2,ta,rl,culdsac,1fam
191000,1479,9382,1999,7,2,ta,rl,culdsac,1fam
210000,1908,8750,1994,7,2,ta,rl,inside,1fam
208900,1493,13125,1997,6,2,ta,rl,inside,1fam
185000,1838,10126,1997,6,3,ta,rm,corner,duplex
208500,1710,8450,2003,7,2,ta,rl,inside,1fam
165400,1656,6931,2003,7,2,ta,rl,inside,1fam
179500,2192,8400,1939,5,1,ta,rl,inside,1fam
161900,1920,7804,1930,6,2,ta,rl,inside,duplex
177000,1680,15576,1915,6,1,ta,rl,inside,1fam
171000,1118,9880,1977,6,1,ta,rl,inside,1fam
171500,1279,10125,1977,6,2,ta,rl,inside,1fam
184000,1651,12416,1986,6,2,ta,rl,inside,1fam
180000,1256,18265,1986,6,2,ta,rl,corner,1fam
195000,1675,7915,1999,6,2,ta,rl,inside,1fam
206300,1344,7060,1997,7,4,ta,rm,inside,duplex
160500,1189,4500,1997,6,2,ta,rm,fr2,twnhse
172000,1968,11075,1969,5,2,ta,rl,inside,1fam
169000,1600,8773,1997,6,2,ta,rl,inside,1fam
161500,1384,8872,1997,6,2,ta,rl,inside,1fam
180000,1714,8637,1999,6,2,ta,rl,inside,1fam
178750,1553,7875,1996,7,2,ta,rl,inside,1fam
176000,1253,7875,1995,7,2,ta,rl,inside,1fam
170000,1088,3696,1986,8,2,ta,rl,inside,twnhse
207500,2090,5062,1984,7,2,ta,rl,culdsac,twnhse
174000,1284,10960,1984,6,2,ta,rl,inside,1fam
178000,1868,12090,1984,6,2,ta,rl,inside,1fam
192000,1930,11339,1979,7,2,ta,rl,inside,1fam
195000,2030,12046,1976,6,2,ta,rl,inside,1fam
197000,1725,11584,1979,7,2,ta,rl,inside,1fam
170000,1220,13001,1971,6,2,ta,rl,inside,1fam
175000,1743,11700,1968,6,2,ta,rl,inside,1fam
184000,1479,7472,1972,7,2,ta,rl,culdsac,1fam
204000,1302,3901,2005,6,2,ta,rl,inside,twnhs
200000,1302,3903,2005,6,2,ta,rl,inside,twnhs
209500,1554,4590,2006,8,2,ta,rl,inside,twnhs
202500,1370,6442,2006,8,2,ta,rl,inside,twnhse
176000,1536,10237,2005,6,2,ta,rl,inside,1fam
168165,1458,13204,2006,7,2,ta,rl,inside,1fam
203000,1326,12216,2005,6,2,ta,rl,corner,1fam
166000,1504,8229,2007,6,2,ta,rl,inside,1fam
177594,1456,7713,2007,7,2,ta,rl,inside,1fam
173500,1258,7697,2007,7,2,ta,rl,inside,1fam
172500,1258,3922,2006,7,3,ta,rl,inside,twnhse
194201,1402,3922,2006,7,3,ta,rl,inside,twnhse
185485,1266,3710,2007,7,2,ta,rl,inside,1fam
206580,1525,10936,2006,7,2,ta,rl,inside,1fam
165500,1394,11950,2003,7,2,ta,rl,corner,1fam
211000,1948,7875,2003,7,2,ta,rl,inside,1fam
162000,1320,7750,2003,7,2,ta,rl,inside,1fam
185000,1644,9649,1999,6,2,ta,rl,inside,1fam
213133,1369,9910,2007,7,2,ta,rl,inside,1fam
208900,1338,8640,2007,8,2,ta,fv,inside,1fam
201000,1721,8462,1994,6,2,ta,rl,inside,1fam
171000,1701,16647,1975,5,2,ta,rl,culdsac,1fam
166000,1151,3523,2006,8,2,ta,fv,inside,twnhse
208900,1352,4230,2006,7,2,ta,fv,corner,twnhse
194000,1352,3606,2006,7,2,ta,fv,inside,twnhse
207500,1550,5330,2006,8,2,ta,fv,inside,twnhse
176500,1501,2280,1999,6,2,ta,fv,inside,twnhs
168500,1512,2117,2000,6,2,ta,fv,inside,twnhse
177000,1573,2117,2000,6,2,ta,fv,inside,twnhs
204000,1358,7321,1999,7,2,ta,fv,inside,1fam
164000,1295,11700,1968,6,2,ta,rl,corner,1fam
188500,1594,9547,1993,7,2,ta,rl,inside,1fam
175500,1242,9600,1973,7,2,ta,rl,inside,1fam
163500,1200,8800,1966,7,2,ta,rl,inside,1fam
161000,1042,9200,1965,6,2,ta,rl,inside,1fam
200000,1652,22002,1959,6,2,ta,rl,corner,1fam
165000,1977,9500,1964,6,2,ta,rl,corner,1fam
172000,1651,10090,1963,7,1,ta,rl,inside,1fam
187000,1851,9760,1964,6,2,ta,rl,inside,1fam
184900,1772,10337,1910,8,2,ta,rm,inside,1fam
210000,1635,8737,1923,6,2,ta,rl,inside,1fam
180500,1824,13515,1919,6,2,ta,rl,inside,1fam
165000,1376,8850,1920,6,2,ta,rl,inside,1fam
202500,2294,13200,1963,6,2,ta,rm,corner,1fam
212300,1952,9780,1950,7,1,ta,rm,inside,1fam
200500,3086,18030,1946,5,0,no_garage,rl,inside,1fam
165250,1302,6960,1940,7,1,ta,rl,inside,1fam
203000,1274,8814,2005,7,2,ta,rl,inside,1fam
195400,1208,6762,2007,7,2,ta,rl,inside,1fam
191000,1795,9316,2005,7,2,ta,rl,inside,1fam
187500,2087,12205,1966,6,2,ta,rl,inside,1fam
180000,1668,11317,2003,7,2,ta,rl,inside,1fam
200000,1729,8158,2002,7,2,ta,rl,inside,1fam
211000,1992,15295,1996,7,2,ta,rl,corner,1fam
185000,1337,8450,2003,7,2,ta,rl,inside,1fam
179400,1476,8145,2007,7,2,ta,rl,inside,1fam
213500,1797,9245,2006,7,2,ta,rl,inside,1fam
173500,1190,8769,2005,7,2,ta,rl,fr2,1fam
168675,1491,8333,2006,7,2,ta,rl,inside,1fam
171500,1408,7023,2005,5,2,ta,rl,inside,1fam
184750,4676,40094,2007,10,3,ta,rl,inside,1fam
200000,3395,10896,1914,6,0,no_garage,rh,inside,2fmcon
165000,1502,10592,1923,6,1,ta,rl,inside,1fam
189950,1426,7642,1918,7,1,ta,rl,corner,1fam
188000,1755,7810,1930,4,1,fa,rl,inside,1fam
170000,1680,17871,1995,4,2,ta,rl,inside,1fam
200000,1020,3907,1988,8,2,ta,rm,inside,twnhse
200624,2515,32668,1957,6,2,ta,rl,culdsac,1fam
183500,1299,12150,1979,6,2,ta,rl,culdsac,1fam
210000,1478,9928,1991,7,2,ta,rl,culdsac,1fam
174000,1240,10331,1985,7,2,ta,rl,culdsac,1fam
187500,1717,13758,1990,7,2,ta,rl,culdsac,1fam
178000,1491,7777,1996,6,2,ta,rl,inside,1fam
186700,1572,35133,1963,5,3,ta,rl,inside,1fam
192100,1851,11727,1969,7,2,ta,rl,corner,1fam
187500,1498,13031,1995,6,2,ta,rl,corner,1fam
202000,1776,9783,1996,6,2,ta,rl,inside,1fam
185000,1511,11207,1997,6,2,ta,rl,fr2,1fam
183500,1169,8076,1993,6,2,ta,rl,inside,1fam
169000,2320,14762,1948,5,2,ta,rl,corner,1fam
179900,1552,11475,1975,6,2,ta,rl,inside,1fam
184500,1875,10530,1975,6,2,ta,rl,inside,1fam
181000,1309,10140,1974,6,2,ta,rl,inside,1fam
190000,1419,8773,2002,6,2,ta,rh,fr2,twnhse
185850,1364,7052,2005,7,2,ta,rl,inside,twnhse
202665,1368,6792,2005,7,2,ta,rl,inside,twnhse
171750,1405,3136,2003,7,2,ta,rl,corner,twnhse
170440,1456,10237,2005,6,2,ta,rl,inside,1fam
179665,1496,17104,2006,7,2,ta,rl,inside,1fam
174190,1326,11660,2006,6,2,ta,rl,inside,1fam
185101,1492,9073,2006,7,2,ta,rl,inside,1fam
213490,1506,3013,2005,7,2,ta,rl,inside,twnhse
192140,1838,21930,2005,5,2,ta,rl,inside,1fam
172400,1664,8121,2000,6,2,ta,rl,inside,1fam
173000,1671,10852,2000,6,2,ta,rl,inside,1fam
199000,1504,10936,2006,8,2,ta,rl,corner,1fam
200825,1716,8125,2005,6,2,ta,fv,inside,1fam
186800,1400,11024,2005,7,2,ta,rl,corner,1fam
184900,1585,7632,2005,7,2,ta,rl,inside,1fam
175900,1603,7153,1992,6,2,ta,rl,inside,1fam
176400,1143,3628,2004,7,2,ta,fv,inside,twnhse
166000,1524,2998,2000,6,2,ta,fv,inside,twnhse
165000,1382,2651,2000,7,2,ta,fv,fr2,twnhs
165000,1208,11250,1977,6,2,ta,rl,inside,1fam
188000,1036,3640,1980,8,2,ta,rl,culdsac,twnhs
190000,1226,3874,1980,8,2,ta,rl,inside,twnhse
170000,1920,10192,1968,7,2,ta,rl,inside,1fam
179900,1416,11700,1968,6,2,ta,rl,corner,1fam
164500,1334,10140,1967,7,2,ta,rl,inside,1fam
167000,1488,10368,1964,6,2,ta,rl,culdsac,1fam
163000,1768,10800,1914,7,2,ta,rm,inside,1fam
202500,1827,11737,1924,6,1,fa,rl,inside,1fam
165000,1458,9535,1967,5,2,ta,rl,inside,1fam
172500,1920,13650,1958,5,2,ta,rl,inside,1fam
170000,1779,17920,1955,5,2,ta,rl,inside,1fam
168000,1437,14175,1956,5,2,ta,rl,corner,1fam
164000,1000,13050,1963,5,2,ta,rl,inside,1fam
182000,1560,11679,1962,5,2,ta,rl,inside,1fam
183600,1208,7488,2005,7,2,ta,rl,inside,1fam
204900,1498,8990,2006,7,2,ta,rl,inside,1fam
196000,1749,9272,1999,7,2,ta,rl,inside,1fam
200000,1861,13450,2002,7,2,ta,rl,corner,1fam
174000,1282,10385,1978,6,3,fa,rl,culdsac,1fam
197000,1909,8726,2002,7,2,ta,rl,inside,1fam
210900,2049,21533,1996,7,2,ta,rl,fr2,1fam
207000,1390,8810,2003,7,2,ta,rl,inside,1fam
195000,1948,12393,2004,7,2,ta,rl,fr2,1fam
200000,1700,9135,2003,6,2,ta,rl,inside,1fam
195800,1611,8400,2005,7,2,ta,rl,inside,1fam
196500,1720,11645,2004,7,2,ta,rl,corner,1fam
198000,1336,8772,2005,7,2,ta,rl,fr2,1fam
163990,1456,8461,2005,6,2,ta,rl,inside,1fam
196500,1724,7162,2003,7,2,ta,rl,inside,1fam
167000,1636,9399,1919,7,1,fa,rl,inside,1fam
200100,1802,7588,1920,7,1,fa,rl,inside,1fam
209000,1491,9116,2001,8,2,ta,rl,corner,1fam
171000,1959,11070,1988,7,3,ta,rl,inside,duplex
188000,1728,9297,1976,5,2,ta,rl,inside,duplex
188000,2000,9627,1993,7,3,ta,rl,inside,1fam
236500,1616,5389,1995,8,2,ta,rl,inside,twnhse
538000,3279,53504,2003,8,3,ta,rl,culdsac,1fam
216000,1674,7500,2000,7,2,ta,fv,inside,1fam
306000,1704,11478,2007,8,3,ta,rl,inside,1fam
395192,1940,10159,2009,9,3,ta,rl,inside,1fam
290941,1544,12883,2009,8,3,ta,rl,corner,1fam
275000,1698,11520,2005,9,3,ta,rl,inside,1fam
259000,1822,14122,2005,8,3,ta,rl,inside,1fam
224000,1358,6371,2009,7,2,ta,rl,inside,twnhse
320000,2250,13650,2002,8,3,ta,rl,corner,1fam
216500,1960,7851,2002,6,2,ta,rl,inside,1fam
222500,2035,9505,2001,7,2,ta,rl,culdsac,1fam
333168,2599,14774,1999,9,3,ta,rl,corner,1fam
325000,2622,12256,1994,8,2,ta,rl,corner,1fam
221000,1839,16770,1998,7,2,ta,rl,culdsac,1fam
410000,3238,14720,1995,8,3,ta,rl,culdsac,1fam
221500,1595,8987,2005,8,3,ta,rl,inside,1fam
254900,1947,12552,2004,7,2,ta,fv,corner,1fam
271500,1468,10440,2005,6,2,ta,fv,corner,1fam
233000,2084,10142,2004,7,2,ta,rl,inside,1fam
362500,2349,13143,1993,8,3,ta,rl,inside,1fam
285000,2225,11134,1992,8,3,ta,rl,inside,1fam
222000,1478,4403,2009,7,2,ta,fv,inside,1fam
230000,1492,8000,2002,7,2,ta,fv,inside,1fam
218500,1829,10456,1967,6,2,ta,rl,inside,1fam
243500,2495,10791,1993,6,2,ta,rl,inside,1fam
242000,2978,11275,1967,7,2,ta,rl,corner,1fam
270000,1433,11980,1987,7,2,gd,rl,inside,1fam
218000,1802,12361,1993,6,4,ta,rl,culdsac,1fam
236000,1949,9938,1993,7,2,ta,rl,inside,1fam
320000,3222,12376,1990,7,3,ta,rl,corner,1fam
318000,1978,10389,2003,8,3,ta,rl,inside,1fam
224900,1661,12137,1998,7,2,ta,rl,culdsac,1fam
257500,2133,10452,1941,7,1,ta,rl,inside,1fam
215000,2177,15600,1950,5,2,ta,rl,inside,duplex
266500,2340,9042,1941,7,1,ta,rl,inside,1fam
335000,1902,17500,1959,7,2,ta,rl,inside,1fam
246000,1646,3811,2004,8,2,ta,rm,corner,twnhse
254900,1916,11050,1998,8,3,ta,rl,inside,1fam
220000,1346,11896,2008,7,3,ta,rl,corner,1fam
285000,1803,9892,1994,8,2,ta,rl,inside,1fam
270000,2283,11792,2003,8,3,ta,rl,inside,1fam
377500,1746,14892,2006,9,3,ta,rl,culdsac,1fam
278000,1659,5664,2000,8,2,ta,rl,inside,twnhse
240000,1478,7380,1998,8,2,ta,rl,corner,1fam
239500,1734,8013,1995,8,2,ta,rl,corner,twnhse
372500,2046,11844,2008,8,3,ta,rl,inside,1fam
260000,1530,16158,2005,7,2,ta,rl,inside,1fam
260000,2353,13005,1980,7,2,ta,rl,corner,1fam
249000,2673,12388,1980,7,2,ta,rl,inside,1fam
220000,1874,7500,2000,8,2,ta,fv,inside,1fam
337500,1718,12456,2006,10,3,ta,rl,fr2,1fam
462000,2772,14257,2007,9,3,ta,rl,inside,1fam
325000,1652,13173,2006,9,2,ta,rl,corner,1fam
256300,1600,14230,2007,8,3,ta,rl,corner,1fam
398800,2690,12350,2009,9,3,ta,rl,inside,1fam
335000,2184,11308,2008,9,3,ta,rl,inside,1fam
404000,2020,12350,2008,9,3,ta,rl,inside,1fam
402861,2020,12220,2009,10,3,ta,rl,inside,1fam
610000,2674,13693,2007,10,3,ta,rl,inside,1fam
409900,2520,23303,2007,8,3,ta,rl,culdsac,1fam
255500,1717,11146,2006,8,3,ta,rl,inside,1fam
274900,1713,9591,2004,8,3,ta,rl,inside,1fam
324000,1808,13514,2008,9,3,ta,rl,corner,1fam
280000,1836,11362,2004,8,3,ta,rl,inside,1fam
269500,1760,12878,2003,7,2,ta,rl,corner,1fam
233170,1502,9541,2009,7,2,ta,rl,inside,1fam
290000,2400,13262,2003,8,3,ta,rl,inside,1fam
255900,1606,9658,2006,8,3,ta,rl,inside,1fam
320000,1884,7390,2008,9,2,ta,rl,inside,twnhse
248500,1456,6472,2008,9,2,ta,rl,inside,twnhse
244000,2054,12224,2000,6,2,ta,rl,corner,1fam
245000,2312,15896,1999,7,3,ta,rl,culdsac,1fam
337000,2365,9430,1999,8,3,ta,rl,inside,1fam
336000,2612,12203,1998,8,3,ta,rl,corner,1fam
315000,2063,10750,1994,8,3,ta,rl,culdsac,1fam
260000,2646,9900,1993,7,3,ta,rl,inside,1fam
260000,2061,9085,1995,7,2,ta,rl,inside,1fam
248000,1850,29959,1994,7,2,ta,rl,fr2,1fam
257500,1658,10206,2008,8,3,ta,rl,inside,1fam
287090,1578,9262,2008,8,3,ta,rl,inside,1fam
275500,1702,10130,2007,8,3,ta,rl,inside,1fam
245000,1432,9139,2006,8,2,ta,rl,inside,1fam
253000,1971,9675,2005,7,2,ta,rl,inside,1fam
225000,1436,7993,2008,7,2,ta,fv,inside,1fam
370878,1766,9187,2009,9,3,ta,fv,inside,1fam
238500,1448,7500,2006,8,2,ta,fv,inside,1fam
310000,2007,11003,2008,10,3,ta,fv,inside,1fam
270000,1795,10603,2006,8,3,ta,fv,inside,1fam
241000,1550,8125,2006,7,2,ta,fv,inside,1fam
264500,1836,8125,2008,8,2,ta,fv,corner,1fam
263000,2094,9375,2003,7,2,ta,fv,inside,1fam
234500,1553,8736,2003,7,2,ta,fv,inside,1fam
224243,1450,7328,2008,7,3,ta,rl,inside,1fam
257000,1844,10994,2005,8,2,ta,rl,corner,1fam
275000,2014,15676,1980,8,3,ta,rl,inside,1fam
280750,3005,2880,2004,7,3,ta,fv,inside,twnhs
222000,1726,3830,2008,6,2,ta,fv,inside,twnhse
227000,1665,8400,2001,8,2,ta,rl,inside,1fam
214500,2134,11888,1916,6,2,ta,rl,inside,1fam
316600,2132,12327,1983,8,2,gd,rl,inside,1fam
271900,2196,14684,1990,7,3,ta,rl,culdsac,1fam
239900,1879,10560,1993,7,2,ta,rl,corner,1fam
239500,2020,9828,1995,8,2,ta,rl,inside,1fam
323262,1680,10933,2009,9,3,ta,rl,inside,1fam
295493,1630,10226,2008,8,3,ta,rl,inside,1fam
332000,1720,10816,2008,9,3,ta,rl,inside,1fam
239000,1800,11923,2007,9,2,ta,rl,corner,1fam
221800,1254,10324,2008,8,3,ta,rl,corner,1fam
233500,1759,16698,1992,7,2,ta,rl,culdsac,1fam
227000,1573,9808,2002,7,2,ta,rl,inside,1fam
230000,1840,12420,2001,7,2,ta,rl,inside,1fam
250000,1611,11664,2002,7,3,ta,rl,corner,1fam
261500,1872,11885,2001,8,2,ta,rl,inside,1fam
279500,1828,12782,2002,8,2,ta,rl,inside,1fam
219500,2034,9375,1997,7,2,ta,rl,inside,1fam
222000,1680,21695,1988,6,2,ta,rl,corner,1fam
251000,2052,10125,2000,8,3,ta,rl,inside,1fam
239686,2149,12822,2003,7,2,ta,rl,culdsac,1fam
240000,1710,12118,2004,7,2,ta,rl,culdsac,1fam
215000,1961,12209,2001,6,2,ta,rl,culdsac,1fam
315500,1620,12898,2007,9,3,ta,rl,inside,1fam
410000,2036,13438,2008,9,3,ta,rl,corner,1fam
425000,1978,12633,2007,9,3,ta,rl,inside,1fam
237500,2117,12925,1970,6,2,ta,rl,corner,1fam
247900,1682,6264,1997,8,2,ta,rl,corner,1fam
325000,2504,11198,2005,9,3,ta,rl,inside,1fam
334000,1710,8118,2007,9,2,ta,rl,inside,twnhse
226500,1688,12680,1988,7,2,ta,rl,inside,1fam
220000,1782,14450,1979,7,2,ta,rl,inside,1fam
272000,2872,12227,1977,6,2,ta,rl,corner,1fam
292500,2840,12511,1978,7,4,ta,rl,corner,1fam
394617,1932,12444,2008,8,3,ta,rl,fr2,1fam
385000,2084,14803,2007,10,3,ta,rl,inside,1fam
372402,1710,13891,2007,8,3,ta,rl,inside,1fam
417500,2464,13693,2007,8,3,ta,rl,inside,1fam
383000,1950,14418,2007,9,3,ta,rl,inside,1fam
379000,2331,12151,2005,9,3,ta,rl,inside,1fam
412500,2668,13688,2003,9,3,ta,rl,inside,1fam
284000,2046,10625,2003,7,3,ta,rl,inside,1fam
284000,1575,10845,2003,8,3,ta,rl,corner,1fam
370000,2690,16451,2003,8,3,ta,rl,corner,1fam
336860,1866,10110,2008,9,3,ta,rl,inside,twnhse
284500,2199,9660,1997,8,2,ta,rl,inside,1fam
315000,2630,9200,1998,8,3,ta,rl,inside,1fam
291000,2172,11000,2000,9,3,ta,rl,fr2,1fam
350000,2006,11675,1998,8,3,ta,rl,inside,1fam
279500,2125,10990,1996,7,2,ta,rl,culdsac,1fam
350000,2113,10437,1995,8,3,ta,rl,inside,1fam
271000,2127,10944,1994,7,2,ta,rl,inside,1fam
232000,1574,11957,2006,8,3,ta,rl,inside,1fam
247000,1460,10037,2006,8,2,ta,rl,corner,1fam
250580,1372,8640,2007,7,2,ta,fv,inside,1fam
226700,1768,9803,2005,7,2,ta,fv,inside,1fam
250000,1958,10625,2005,7,3,ta,fv,inside,1fam
339750,2078,10800,2007,8,3,ta,fv,inside,1fam
256000,1660,10625,2007,8,3,ta,fv,inside,1fam
290000,2683,9205,1990,6,2,ta,rl,inside,1fam
372500,2786,11025,1993,9,2,ta,rl,inside,1fam
305000,1557,4109,1999,9,2,ta,fv,inside,twnhse
345000,2393,3951,1998,10,2,ta,fv,inside,twnhse
217500,1239,11064,1995,8,2,ta,rl,culdsac,twnhse
240000,2614,10800,1974,6,2,ta,rl,inside,1fam
295000,3493,18386,1880,7,3,ta,rm,inside,1fam
235000,1252,13500,1960,6,2,ta,rl,inside,1fam
245000,1524,20270,1979,7,2,ta,rl,culdsac,1fam
241500,1363,39104,1954,7,2,ta,rl,culdsac,1fam
260000,1518,19550,1940,5,0,no_garage,rl,inside,1fam
248500,1615,9345,2007,8,3,ta,rl,inside,1fam
395039,1766,11778,2008,9,3,ta,rl,inside,1fam
228000,2097,11228,1993,7,3,ta,rl,culdsac,1fam
215700,1771,13142,1997,6,2,ta,rl,corner,1fam
223500,1786,11250,2001,7,2,ta,rl,inside,1fam
235000,1865,10316,2000,7,3,ta,rl,inside,1fam
230500,2161,10400,2001,7,2,ta,rl,inside,1fam
230000,1852,9066,1999,8,3,ta,rl,inside,1fam
224900,1768,8158,2003,7,2,ta,rl,inside,1fam
240000,2327,10905,2003,7,2,ta,rl,culdsac,1fam
218836,1564,11058,2007,7,3,ta,rl,corner,1fam
381000,3447,14100,1935,8,3,ta,rl,inside,1fam
311500,1954,15660,1939,7,2,ta,rl,corner,1fam
224000,1640,14778,1954,6,2,ta,rl,culdsac,1fam
275000,1646,3842,2004,8,2,ta,rm,inside,twnhse
300000,2032,23730,1996,7,3,ta,rl,inside,1fam
271000,1689,13265,2002,8,3,ta,rl,culdsac,1fam
228950,1786,164660,1965,5,2,ta,rl,corner,2fmcon
241500,1501,4084,1986,7,2,ta,rl,inside,twnhse
287000,2898,15498,1976,8,2,ta,rl,corner,1fam
294000,1537,11563,2006,8,3,ta,rl,inside,1fam
218689,1612,12018,2008,7,3,ta,rl,corner,1fam
305000,2262,12244,2003,8,3,ta,rl,inside,1fam
370000,1964,11447,2005,8,3,ta,rl,inside,1fam
268000,2217,15865,1970,8,2,ta,rl,inside,1fam
251000,1652,5330,2000,8,2,ta,rl,inside,twnhse
349265,2541,12328,2005,8,3,ta,rl,inside,1fam
319900,1612,8035,2006,9,2,ta,rl,inside,twnhse
392000,1419,8089,2007,8,2,ta,rl,inside,1fam
441929,2234,14082,2006,8,2,ta,rl,inside,1fam
455000,2042,13870,2006,10,3,ta,rl,inside,1fam
356000,1816,12469,2006,9,3,ta,rl,fr2,1fam
314813,1828,11694,2007,9,3,ta,rl,inside,1fam
322400,1694,11825,2006,8,3,ta,rl,inside,1fam
415298,2121,14450,2006,9,3,ta,rl,inside,1fam
492000,2656,13641,2007,9,3,ta,rl,inside,1fam
338931,2550,13440,2006,8,3,ta,rl,inside,1fam
280000,2172,14154,2006,7,3,ta,rl,corner,1fam
479069,2552,13891,2007,9,3,ta,rl,inside,1fam
395000,1973,14226,2006,8,3,ta,rl,corner,1fam
380000,2643,13693,2006,9,3,ta,rl,inside,1fam
250000,1634,11428,2006,8,3,ta,rl,inside,1fam
440000,1976,14977,2006,8,3,ta,rl,inside,1fam
418000,2758,13654,2005,9,3,ta,rl,culdsac,1fam
325624,2161,10562,2007,8,3,ta,rl,inside,1fam
372000,1802,13615,2006,9,3,ta,rl,corner,1fam
342000,2956,13069,2004,8,3,ta,rl,inside,1fam
285000,2374,11999,2003,8,3,ta,rl,inside,1fam
232698,1721,9254,2005,8,2,ta,rl,inside,1fam
250000,1828,10732,2006,8,3,ta,rl,corner,1fam
280000,1577,7841,2005,9,2,ta,rl,inside,twnhse
221370,1324,6240,2006,8,2,ta,rl,inside,twnhse
226500,1589,3621,2003,8,3,ta,rl,inside,twnhse
215000,1959,11796,2004,7,2,ta,rl,inside,1fam
745000,4476,15623,1996,10,3,ta,rl,corner,1fam
384500,2551,12191,1997,8,3,ta,rl,inside,1fam
248000,2285,11000,2000,8,3,ta,rl,fr2,1fam
466500,2633,11400,2001,10,3,ta,rl,inside,1fam
322500,2582,11002,1998,8,3,ta,rl,inside,1fam
290000,2520,9950,1995,7,3,ta,rl,inside,1fam
290000,2531,12257,1995,8,3,ta,rl,inside,1fam
263000,2202,11762,1992,8,2,ta,rl,inside,1fam
215000,1534,10612,2006,8,2,ta,rl,inside,1fam
419005,1966,12291,2007,10,3,ta,rl,inside,1fam
255000,1636,13501,2006,8,3,ta,rl,corner,1fam
235876,1528,9965,2007,7,2,ta,rl,fr2,1fam
311872,1726,9416,2007,7,3,ta,rl,inside,1fam
225000,1496,9158,2007,8,2,ta,rl,inside,1fam
249000,1506,8251,2005,7,2,ta,rl,inside,1fam
250000,1977,9605,2006,7,3,ta,rl,inside,1fam
270000,1959,9000,2006,8,3,ta,fv,inside,1fam
303477,2610,9000,2007,8,2,ta,fv,inside,1fam
310013,1880,12217,2007,8,3,ta,fv,inside,1fam
249700,1656,11096,2006,8,3,ta,fv,inside,1fam
253000,1685,11824,2006,8,3,ta,fv,corner,1fam
294000,2167,17542,1974,7,2,ta,rl,inside,1fam
302000,2810,9572,1990,8,2,gd,rl,inside,1fam
285000,2872,10678,1992,8,2,ta,rl,inside,1fam
239000,1950,7399,1997,7,2,ta,fv,inside,1fam
301000,2048,8010,2003,8,2,ta,fv,inside,1fam
312500,2362,8413,1998,8,2,gd,fv,inside,1fam
213750,1295,3840,1978,8,2,ta,rl,inside,twnhse
373000,2497,17778,1981,8,2,ta,rl,inside,1fam
240050,2411,8000,1970,6,2,ta,rl,inside,1fam
255000,2075,10530,1993,7,2,ta,rl,inside,1fam
224500,2154,8800,1964,6,2,ta,rl,inside,1fam
301600,3086,21281,1935,5,3,ta,rl,inside,1fam
219000,2267,12888,1937,7,2,ta,rl,inside,1fam
302000,1824,115149,1971,7,2,ta,rl,culdsac,1fam
216000,1325,17541,1948,5,2,ta,rl,corner,1fam
243000,2158,12615,1950,6,2,ta,rl,corner,1fam
225000,2243,13474,1990,7,3,ta,rl,inside,1fam
238000,2127,13125,1991,7,3,ta,rl,corner,1fam
228500,1982,11287,1989,7,2,ta,rl,inside,1fam
383970,2696,9965,2007,7,3,ta,rl,inside,1fam
250000,1651,9178,2007,8,3,ta,rl,inside,1fam
360000,2140,10481,2006,8,3,ta,rl,inside,1fam
279500,1494,10652,2006,7,3,ta,rl,inside,1fam
246500,1651,10235,2007,8,3,ta,rl,inside,1fam
276000,2574,9588,2007,8,3,ta,rl,inside,1fam
277000,2144,159000,1958,6,2,ta,rl,culdsac,1fam
235500,1873,10820,1999,7,2,ta,rl,culdsac,1fam
226000,1479,10665,2003,7,2,ta,rl,inside,1fam
228500,2169,9375,2002,8,2,ta,rl,inside,1fam
270000,1673,11354,2000,7,2,ta,rl,inside,1fam
267000,2452,16226,1998,8,2,ta,rl,inside,1fam
285000,1668,11248,2002,9,3,ta,rl,corner,1fam
246900,1341,17227,1999,8,2,ta,rl,culdsac,1fam
239000,2624,22420,1918,6,3,ta,rl,inside,1fam
359100,3194,12168,1934,8,2,ta,rl,inside,1fam
220000,1991,11275,1932,6,2,ta,rl,corner,1fam
315000,2727,10570,1932,8,2,ta,rl,inside,1fam
259500,2320,7259,1945,6,1,ta,rl,inside,1fam
257500,1839,14442,1957,6,2,ta,rl,inside,1fam
219500,1740,13125,1940,7,1,ta,rl,inside,1fam
215000,1488,21579,1968,6,2,ta,rl,culdsac,1fam
315000,2726,18044,1986,8,2,gd,rl,culdsac,1fam
375000,1625,5568,2006,8,2,ta,rm,inside,twnhse
330000,1502,9763,1998,7,1,ta,rm,inside,twnhse
231713,1689,8368,2006,7,2,ta,rl,inside,1fam
265900,1484,9037,2006,8,2,ta,rl,inside,1fam
239000,1571,10991,2007,8,3,ta,rl,inside,1fam
248900,1646,10656,2006,8,3,ta,rl,inside,1fam
279900,2486,11800,2003,7,2,ta,rl,inside,1fam
283463,1776,15306,2006,8,3,ta,rl,corner,1fam
281213,2482,12665,2005,8,3,ta,rl,inside,1fam
222000,2236,13006,1997,7,2,ta,rl,corner,1fam
320000,2462,19378,2005,7,2,ta,rl,corner,1fam
239900,1801,10463,2005,8,3,ta,rl,culdsac,1fam
309000,2212,13751,2005,7,3,ta,rl,culdsac,1fam
270000,2687,13108,1994,8,2,ta,rl,inside,1fam
239000,1767,5306,1987,7,2,gd,rl,inside,twnhse
275000,1742,6563,1985,8,2,ta,rl,culdsac,1fam
535000,2698,16052,2006,10,3,ta,rl,culdsac,1fam
438780,2945,13682,2006,10,3,ta,rl,culdsac,1fam
229000,2183,13837,1988,7,3,ta,rl,corner,1fam
241500,1872,10400,1988,7,2,ta,rl,inside,1fam
250000,2784,16692,1978,7,2,ta,rl,inside,1fam
412083,2589,16387,2006,9,3,ta,rl,inside,1fam
342643,2596,16259,2006,9,3,ta,rl,corner,1fam
415000,1868,14780,2005,9,3,ta,rl,corner,1fam
326000,1850,16033,2004,9,3,ta,rl,fr2,1fam
309000,2452,13418,2004,8,3,ta,rl,inside,1fam
275500,2098,10240,2005,8,3,ta,rl,inside,1fam
360000,1944,12378,2003,9,3,ta,rl,inside,1fam
372397,1792,13758,2005,9,3,ta,rl,inside,1fam
378000,1780,14828,2004,9,3,ta,rl,corner,1fam
279000,1914,13215,2004,8,3,ta,rl,corner,1fam
310090,1666,6373,2006,9,2,ta,rl,inside,twnhse
258000,2373,11631,2004,8,3,ta,rl,corner,1fam
264561,1567,3982,2006,8,3,ta,rl,inside,twnhse
246578,1500,4045,2006,7,3,ta,rl,inside,twnhse
215000,1889,8658,2000,6,2,ta,rl,inside,1fam
286000,1976,9660,1998,8,3,ta,rl,inside,1fam
625000,3627,35760,1995,10,3,ta,rl,culdsac,1fam
405000,2855,9233,2000,9,3,ta,rl,inside,1fam
280000,1924,12011,1998,8,2,ta,rl,culdsac,1fam
350000,2726,10019,1995,8,3,ta,rl,inside,1fam
584500,3500,17242,1993,9,3,ta,rl,inside,1fam
315000,2799,12585,1993,8,3,ta,rl,inside,1fam
290000,1660,10182,2006,8,2,ta,rl,culdsac,1fam
232600,1489,11216,2006,8,2,ta,fv,inside,1fam
310000,2520,14541,1993,8,3,ta,rl,corner,1fam
270000,1494,9549,1995,8,2,ta,rl,culdsac,twnhse
214000,1235,3760,1980,8,2,ta,rl,culdsac,twnhs
385000,1842,50271,1981,9,3,ta,rl,inside,1fam
250000,2654,11029,1968,6,2,ta,rl,corner,1fam
278000,1830,20355,1967,7,2,ta,rl,inside,1fam
235000,2009,19950,1928,6,3,ta,rl,corner,1fam
415000,3672,19800,1935,6,2,ta,rl,inside,1fam
215000,1911,9554,1993,8,2,ta,rl,inside,1fam
239799,1962,8760,2006,7,3,ta,rl,inside,1fam
233555,1846,13377,2006,6,2,ta,rl,corner,1fam
225000,1614,9316,2005,7,2,ta,rl,inside,1fam
220000,1915,10041,1992,8,2,ta,rl,inside,1fam
217000,1494,9236,1997,6,2,ta,rl,inside,1fam
217000,1779,13426,1999,7,2,ta,rl,corner,1fam
222000,1762,9930,2002,7,2,ta,rl,inside,1fam
220000,1358,11088,2002,8,2,ta,rl,corner,1fam
275000,1787,14781,2001,8,3,ta,rl,culdsac,1fam
230000,1654,8125,2002,7,3,ta,rl,inside,1fam
227000,1939,11250,1998,7,3,ta,rl,corner,1fam
237000,1995,11250,1995,7,2,ta,rl,corner,1fam
216837,1836,9100,2004,7,2,ta,rl,inside,1fam
233230,1919,15611,2006,8,2,gd,rl,inside,1fam
230000,1517,11435,1929,8,2,ta,rl,corner,1fam
230000,1811,14115,1956,6,2,ta,rl,inside,1fam
217500,1647,12984,1977,5,2,ta,rl,inside,1fam
223000,1844,16381,1969,6,2,ta,rl,inside,1fam
242500,1625,23580,1979,6,2,ta,rl,inside,1fam
230000,1295,8239,1986,7,1,ta,rm,inside,twnhse
250764,1650,50102,1958,6,2,ta,rl,inside,1fam
228000,1707,16669,1981,8,2,ta,rl,corner,1fam
250000,2514,11170,1990,7,2,ta,rl,corner,1fam
312500,1800,14331,2002,8,3,ta,rl,inside,1fam
369900,2028,11443,2005,8,3,ta,rl,inside,1fam
359900,1838,11577,2005,9,3,ta,rl,inside,1fam
215000,1368,7020,1997,7,4,ta,rm,inside,duplex
